admis,date,year,month,month.day,day,week.day,time,weekend
2486,2014-01-01,2014,Jan,1,Wednesday,3,0,0
2784,2014-01-02,2014,Jan,2,Thursday,4,1,0
2632,2014-01-03,2014,Jan,3,Friday,5,2,0
3167,2014-01-04,2014,Jan,4,Saturday,6,3,1
3130,2014-01-05,2014,Jan,5,Sunday,7,4,1
2829,2014-01-06,2014,Jan,6,Monday,1,5,0
2581,2014-01-07,2014,Jan,7,Tuesday,2,6,0
2371,2014-01-08,2014,Jan,8,Wednesday,3,7,0
2356,2014-01-09,2014,Jan,9,Thursday,4,8,0
2253,2014-01-10,2014,Jan,10,Friday,5,9,0
2785,2014-01-11,2014,Jan,11,Saturday,6,10,1
2537,2014-01-12,2014,Jan,12,Sunday,7,11,1
2480,2014-01-13,2014,Jan,13,Monday,1,12,0
2349,2014-01-14,2014,Jan,14,Tuesday,2,13,0
2122,2014-01-15,2014,Jan,15,Wednesday,3,14,0
2093,2014-01-16,2014,Jan,16,Thursday,4,15,0
1884,2014-01-17,2014,Jan,17,Friday,5,16,0
2448,2014-01-18,2014,Jan,18,Saturday,6,17,1
2219,2014-01-19,2014,Jan,19,Sunday,7,18,1
2298,2014-01-20,2014,Jan,20,Monday,1,19,0
2244,2014-01-21,2014,Jan,21,Tuesday,2,20,0
2206,2014-01-22,2014,Jan,22,Wednesday,3,21,0
2126,2014-01-23,2014,Jan,23,Thursday,4,22,0
1925,2014-01-24,2014,Jan,24,Friday,5,23,0
2291,2014-01-25,2014,Jan,25,Saturday,6,24,1
2493,2014-01-26,2014,Jan,26,Sunday,7,25,1
2344,2014-01-27,2014,Jan,27,Monday,1,26,0
2406,2014-01-28,2014,Jan,28,Tuesday,2,27,0
2167,2014-01-29,2014,Jan,29,Wednesday,3,28,0
1948,2014-01-30,2014,Jan,30,Thursday,4,29,0
1713,2014-01-31,2014,Jan,31,Friday,5,30,0
2022,2014-02-01,2014,Feb,1,Saturday,6,31,1
2119,2014-02-02,2014,Feb,2,Sunday,7,32,1
2343,2014-02-03,2014,Feb,3,Monday,1,33,0
2099,2014-02-04,2014,Feb,4,Tuesday,2,34,0
2077,2014-02-05,2014,Feb,5,Wednesday,3,35,0
2126,2014-02-06,2014,Feb,6,Thursday,4,36,0
1952,2014-02-07,2014,Feb,7,Friday,5,37,0
2189,2014-02-08,2014,Feb,8,Saturday,6,38,1
2092,2014-02-09,2014,Feb,9,Sunday,7,39,1
2128,2014-02-10,2014,Feb,10,Monday,1,40,0
2114,2014-02-11,2014,Feb,11,Tuesday,2,41,0
1913,2014-02-12,2014,Feb,12,Wednesday,3,42,0
1868,2014-02-13,2014,Feb,13,Thursday,4,43,0
1504,2014-02-14,2014,Feb,14,Friday,5,44,0
1986,2014-02-15,2014,Feb,15,Saturday,6,45,1
2145,2014-02-16,2014,Feb,16,Sunday,7,46,1
2237,2014-02-17,2014,Feb,17,Monday,1,47,0
1968,2014-02-18,2014,Feb,18,Tuesday,2,0,0
1959,2014-02-19,2014,Feb,19,Wednesday,3,1,0
1901,2014-02-20,2014,Feb,20,Thursday,4,2,0
1824,2014-02-21,2014,Feb,21,Friday,5,3,0
2030,2014-02-22,2014,Feb,22,Saturday,6,4,1
2225,2014-02-23,2014,Feb,23,Sunday,7,5,1
2266,2014-02-24,2014,Feb,24,Monday,1,6,0
2082,2014-02-25,2014,Feb,25,Tuesday,2,7,0
2101,2014-02-26,2014,Feb,26,Wednesday,3,8,0
2012,2014-02-27,2014,Feb,27,Thursday,4,9,0
1789,2014-02-28,2014,Feb,28,Friday,5,10,0
2068,2014-03-01,2014,Mar,1,Saturday,6,11,1
2248,2014-03-02,2014,Mar,2,Sunday,7,12,1
2119,2014-03-03,2014,Mar,3,Monday,1,13,0
1994,2014-03-04,2014,Mar,4,Tuesday,2,14,0
2106,2014-03-05,2014,Mar,5,Wednesday,3,15,0
2227,2014-03-06,2014,Mar,6,Thursday,4,16,0
2246,2014-03-07,2014,Mar,7,Friday,5,17,0
2719,2014-03-08,2014,Mar,8,Saturday,6,18,1
3099,2014-03-09,2014,Mar,9,Sunday,7,19,1
3101,2014-03-10,2014,Mar,10,Monday,1,20,0
3400,2014-03-11,2014,Mar,11,Tuesday,2,21,0
3214,2014-03-12,2014,Mar,12,Wednesday,3,22,0
3178,2014-03-13,2014,Mar,13,Thursday,4,23,0
3173,2014-03-14,2014,Mar,14,Friday,5,24,0
3834,2014-03-15,2014,Mar,15,Saturday,6,25,1
4541,2014-03-16,2014,Mar,16,Sunday,7,26,1
4619,2014-03-17,2014,Mar,17,Monday,1,27,0
4356,2014-03-18,2014,Mar,18,Tuesday,2,28,0
4327,2014-03-19,2014,Mar,19,Wednesday,3,29,0
4182,2014-03-20,2014,Mar,20,Thursday,4,30,0
3587,2014-03-21,2014,Mar,21,Friday,5,31,0
4380,2014-03-22,2014,Mar,22,Saturday,6,32,1
4875,2014-03-23,2014,Mar,23,Sunday,7,33,1
4731,2014-03-24,2014,Mar,24,Monday,1,34,0
4306,2014-03-25,2014,Mar,25,Tuesday,2,35,0
3980,2014-03-26,2014,Mar,26,Wednesday,3,36,0
3697,2014-03-27,2014,Mar,27,Thursday,4,37,0
3101,2014-03-28,2014,Mar,28,Friday,5,38,0
3596,2014-03-29,2014,Mar,29,Saturday,6,39,1
3979,2014-03-30,2014,Mar,30,Sunday,7,40,1
4198,2014-03-31,2014,Mar,31,Monday,1,41,0
4104,2014-04-01,2014,Apr,1,Tuesday,2,42,0
3812,2014-04-02,2014,Apr,2,Wednesday,3,43,0
3656,2014-04-03,2014,Apr,3,Thursday,4,44,0
3226,2014-04-04,2014,Apr,4,Friday,5,45,0
3813,2014-04-05,2014,Apr,5,Saturday,6,46,1
3684,2014-04-06,2014,Apr,6,Sunday,7,47,1
4684,2014-04-07,2014,Apr,7,Monday,1,0,0
4436,2014-04-08,2014,Apr,8,Tuesday,2,1,0
4173,2014-04-09,2014,Apr,9,Wednesday,3,2,0
3907,2014-04-10,2014,Apr,10,Thursday,4,3,0
3325,2014-04-11,2014,Apr,11,Friday,5,4,0
4160,2014-04-12,2014,Apr,12,Saturday,6,5,1
4769,2014-04-13,2014,Apr,13,Sunday,7,6,1
5159,2014-04-14,2014,Apr,14,Monday,1,7,0
4721,2014-04-15,2014,Apr,15,Tuesday,2,8,0
3931,2014-04-16,2014,Apr,16,Wednesday,3,9,0
3001,2014-04-17,2014,Apr,17,Thursday,4,10,0
3694,2014-04-18,2014,Apr,18,Friday,5,11,0
4202,2014-04-19,2014,Apr,19,Saturday,6,12,1
4590,2014-04-20,2014,Apr,20,Sunday,7,13,1
5043,2014-04-21,2014,Apr,21,Monday,1,14,0
4972,2014-04-22,2014,Apr,22,Tuesday,2,15,0
4275,2014-04-23,2014,Apr,23,Wednesday,3,16,0
4033,2014-04-24,2014,Apr,24,Thursday,4,17,0
3250,2014-04-25,2014,Apr,25,Friday,5,18,0
3465,2014-04-26,2014,Apr,26,Saturday,6,19,1
4154,2014-04-27,2014,Apr,27,Sunday,7,20,1
4294,2014-04-28,2014,Apr,28,Monday,1,21,0
3829,2014-04-29,2014,Apr,29,Tuesday,2,22,0
2812,2014-04-30,2014,Apr,30,Wednesday,3,23,0
3099,2014-05-01,2014,May,1,Thursday,4,24,0
2979,2014-05-02,2014,May,2,Friday,5,25,0
3930,2014-05-03,2014,May,3,Saturday,6,26,1
4310,2014-05-04,2014,May,4,Sunday,7,27,1
4173,2014-05-05,2014,May,5,Monday,1,28,0
3681,2014-05-06,2014,May,6,Tuesday,2,29,0
3446,2014-05-07,2014,May,7,Wednesday,3,30,0
3525,2014-05-08,2014,May,8,Thursday,4,31,0
2939,2014-05-09,2014,May,9,Friday,5,32,0
3509,2014-05-10,2014,May,10,Saturday,6,33,1
3527,2014-05-11,2014,May,11,Sunday,7,34,1
4454,2014-05-12,2014,May,12,Monday,1,35,0
4233,2014-05-13,2014,May,13,Tuesday,2,36,0
4041,2014-05-14,2014,May,14,Wednesday,3,37,0
3932,2014-05-15,2014,May,15,Thursday,4,38,0
3506,2014-05-16,2014,May,16,Friday,5,39,0
4298,2014-05-17,2014,May,17,Saturday,6,40,1
4810,2014-05-18,2014,May,18,Sunday,7,41,1
5153,2014-05-19,2014,May,19,Monday,1,42,0
3957,2014-05-20,2014,May,20,Tuesday,2,43,0
3917,2014-05-21,2014,May,21,Wednesday,3,44,0
4585,2014-05-22,2014,May,22,Thursday,4,45,0
4003,2014-05-23,2014,May,23,Friday,5,46,0
5025,2014-05-24,2014,May,24,Saturday,6,47,1
5047,2014-05-25,2014,May,25,Sunday,7,0,1
5385,2014-05-26,2014,May,26,Monday,1,1,0
5357,2014-05-27,2014,May,27,Tuesday,2,2,0
4863,2014-05-28,2014,May,28,Wednesday,3,3,0
4261,2014-05-29,2014,May,29,Thursday,4,4,0
3662,2014-05-30,2014,May,30,Friday,5,5,0
4951,2014-05-31,2014,May,31,Saturday,6,6,1
5474,2014-06-01,2014,Jun,1,Sunday,7,7,1
5857,2014-06-02,2014,Jun,2,Monday,1,8,0
3969,2014-06-03,2014,Jun,3,Tuesday,2,9,0
5042,2014-06-04,2014,Jun,4,Wednesday,3,10,0
5118,2014-06-05,2014,Jun,5,Thursday,4,11,0
3737,2014-06-06,2014,Jun,6,Friday,5,12,0
4314,2014-06-07,2014,Jun,7,Saturday,6,13,1
4612,2014-06-08,2014,Jun,8,Sunday,7,14,1
6483,2014-06-09,2014,Jun,9,Monday,1,15,0
5877,2014-06-10,2014,Jun,10,Tuesday,2,16,0
4460,2014-06-11,2014,Jun,11,Wednesday,3,17,0
3548,2014-06-12,2014,Jun,12,Thursday,4,18,0
4032,2014-06-13,2014,Jun,13,Friday,5,19,0
7010,2014-06-14,2014,Jun,14,Saturday,6,20,1
7368,2014-06-15,2014,Jun,15,Sunday,7,21,1
7513,2014-06-16,2014,Jun,16,Monday,1,22,0
6914,2014-06-17,2014,Jun,17,Tuesday,2,23,0
5740,2014-06-18,2014,Jun,18,Wednesday,3,24,0
6520,2014-06-19,2014,Jun,19,Thursday,4,25,0
6061,2014-06-20,2014,Jun,20,Friday,5,26,0
8036,2014-06-21,2014,Jun,21,Saturday,6,27,1
9029,2014-06-22,2014,Jun,22,Sunday,7,28,1
8105,2014-06-23,2014,Jun,23,Monday,1,29,0
8041,2014-06-24,2014,Jun,24,Tuesday,2,30,0
7152,2014-06-25,2014,Jun,25,Wednesday,3,31,0
6914,2014-06-26,2014,Jun,26,Thursday,4,32,0
6892,2014-06-27,2014,Jun,27,Friday,5,33,0
7717,2014-06-28,2014,Jun,28,Saturday,6,34,1
10305,2014-06-29,2014,Jun,29,Sunday,7,35,1
8389,2014-06-30,2014,Jun,30,Monday,1,36,0
7867,2014-07-01,2014,Jul,1,Tuesday,2,37,0
6968,2014-07-02,2014,Jul,2,Wednesday,3,38,0
7055,2014-07-03,2014,Jul,3,Thursday,4,39,0
6195,2014-07-04,2014,Jul,4,Friday,5,40,0
8643,2014-07-05,2014,Jul,5,Saturday,6,41,1
9220,2014-07-06,2014,Jul,6,Sunday,7,42,1
8443,2014-07-07,2014,Jul,7,Monday,1,43,0
7055,2014-07-08,2014,Jul,8,Tuesday,2,44,0
6637,2014-07-09,2014,Jul,9,Wednesday,3,45,0
5986,2014-07-10,2014,Jul,10,Thursday,4,46,0
5089,2014-07-11,2014,Jul,11,Friday,5,47,0
7913,2014-07-12,2014,Jul,12,Saturday,6,0,1
8083,2014-07-13,2014,Jul,13,Sunday,7,1,1
3932,2014-07-14,2014,Jul,14,Monday,1,2,0
5363,2014-07-15,2014,Jul,15,Tuesday,2,3,0
6840,2014-07-16,2014,Jul,16,Wednesday,3,4,0
5267,2014-07-17,2014,Jul,17,Thursday,4,5,0
4698,2014-07-18,2014,Jul,18,Friday,5,6,0
6131,2014-07-19,2014,Jul,19,Saturday,6,7,1
4757,2014-07-20,2014,Jul,20,Sunday,7,8,1
4502,2014-07-21,2014,Jul,21,Monday,1,9,0
3664,2014-07-22,2014,Jul,22,Tuesday,2,10,0
3607,2014-07-23,2014,Jul,23,Wednesday,3,11,0
3451,2014-07-24,2014,Jul,24,Thursday,4,12,0
3091,2014-07-25,2014,Jul,25,Friday,5,13,0
3952,2014-07-26,2014,Jul,26,Saturday,6,14,1
4105,2014-07-27,2014,Jul,27,Sunday,7,15,1
3739,2014-07-28,2014,Jul,28,Monday,1,16,0
3548,2014-07-29,2014,Jul,29,Tuesday,2,17,0
3231,2014-07-30,2014,Jul,30,Wednesday,3,18,0
2799,2014-07-31,2014,Jul,31,Thursday,4,19,0
2639,2014-08-01,2014,Aug,1,Friday,5,20,0
3365,2014-08-02,2014,Aug,2,Saturday,6,21,1
3405,2014-08-03,2014,Aug,3,Sunday,7,22,1
3535,2014-08-04,2014,Aug,4,Monday,1,23,0
3353,2014-08-05,2014,Aug,5,Tuesday,2,24,0
2964,2014-08-06,2014,Aug,6,Wednesday,3,25,0
3262,2014-08-07,2014,Aug,7,Thursday,4,26,0
3010,2014-08-08,2014,Aug,8,Friday,5,27,0
3591,2014-08-09,2014,Aug,9,Saturday,6,28,1
3698,2014-08-10,2014,Aug,10,Sunday,7,29,1
4137,2014-08-11,2014,Aug,11,Monday,1,30,0
4082,2014-08-12,2014,Aug,12,Tuesday,2,31,0
4025,2014-08-13,2014,Aug,13,Wednesday,3,32,0
3320,2014-08-14,2014,Aug,14,Thursday,4,33,0
4450,2014-08-15,2014,Aug,15,Friday,5,34,0
4746,2014-08-16,2014,Aug,16,Saturday,6,35,1
5072,2014-08-17,2014,Aug,17,Sunday,7,36,1
4921,2014-08-18,2014,Aug,18,Monday,1,37,0
4284,2014-08-19,2014,Aug,19,Tuesday,2,38,0
4042,2014-08-20,2014,Aug,20,Wednesday,3,39,0
3928,2014-08-21,2014,Aug,21,Thursday,4,40,0
3273,2014-08-22,2014,Aug,22,Friday,5,41,0
2931,2014-08-23,2014,Aug,23,Saturday,6,42,1
4148,2014-08-24,2014,Aug,24,Sunday,7,43,1
4661,2014-08-25,2014,Aug,25,Monday,1,44,0
4372,2014-08-26,2014,Aug,26,Tuesday,2,45,0
3775,2014-08-27,2014,Aug,27,Wednesday,3,46,0
3675,2014-08-28,2014,Aug,28,Thursday,4,47,0
3231,2014-08-29,2014,Aug,29,Friday,5,0,0
3929,2014-08-30,2014,Aug,30,Saturday,6,1,1
4557,2014-08-31,2014,Aug,31,Sunday,7,2,1
3838,2014-09-01,2014,Sep,1,Monday,1,3,0
4155,2014-09-02,2014,Sep,2,Tuesday,2,4,0
3711,2014-09-03,2014,Sep,3,Wednesday,3,5,0
3804,2014-09-04,2014,Sep,4,Thursday,4,6,0
3032,2014-09-05,2014,Sep,5,Friday,5,7,0
4344,2014-09-06,2014,Sep,6,Saturday,6,8,1
4952,2014-09-07,2014,Sep,7,Sunday,7,9,1
5242,2014-09-08,2014,Sep,8,Monday,1,10,0
4584,2014-09-09,2014,Sep,9,Tuesday,2,11,0
4456,2014-09-10,2014,Sep,10,Wednesday,3,12,0
3148,2014-09-11,2014,Sep,11,Thursday,4,13,0
3864,2014-09-12,2014,Sep,12,Friday,5,14,0
3835,2014-09-13,2014,Sep,13,Saturday,6,15,1
5191,2014-09-14,2014,Sep,14,Sunday,7,16,1
4520,2014-09-15,2014,Sep,15,Monday,1,17,0
3931,2014-09-16,2014,Sep,16,Tuesday,2,18,0
3253,2014-09-17,2014,Sep,17,Wednesday,3,19,0
2968,2014-09-18,2014,Sep,18,Thursday,4,20,0
3838,2014-09-19,2014,Sep,19,Friday,5,21,0
4858,2014-09-20,2014,Sep,20,Saturday,6,22,1
5379,2014-09-21,2014,Sep,21,Sunday,7,23,1
4918,2014-09-22,2014,Sep,22,Monday,1,24,0
5041,2014-09-23,2014,Sep,23,Tuesday,2,25,0
4455,2014-09-24,2014,Sep,24,Wednesday,3,26,0
4190,2014-09-25,2014,Sep,25,Thursday,4,27,0
3924,2014-09-26,2014,Sep,26,Friday,5,28,0
4726,2014-09-27,2014,Sep,27,Saturday,6,29,1
4785,2014-09-28,2014,Sep,28,Sunday,7,30,1
4578,2014-09-29,2014,Sep,29,Monday,1,31,0
4235,2014-09-30,2014,Sep,30,Tuesday,2,32,0
3820,2014-10-01,2014,Oct,1,Wednesday,3,33,0
3779,2014-10-02,2014,Oct,2,Thursday,4,34,0
3476,2014-10-03,2014,Oct,3,Friday,5,35,0
4172,2014-10-04,2014,Oct,4,Saturday,6,36,1
4478,2014-10-05,2014,Oct,5,Sunday,7,37,1
4842,2014-10-06,2014,Oct,6,Monday,1,38,0
4474,2014-10-07,2014,Oct,7,Tuesday,2,39,0
4091,2014-10-08,2014,Oct,8,Wednesday,3,40,0
4351,2014-10-09,2014,Oct,9,Thursday,4,41,0
3658,2014-10-10,2014,Oct,10,Friday,5,42,0
4592,2014-10-11,2014,Oct,11,Saturday,6,43,1
5085,2014-10-12,2014,Oct,12,Sunday,7,44,1
5056,2014-10-13,2014,Oct,13,Monday,1,45,0
4367,2014-10-14,2014,Oct,14,Tuesday,2,46,0
3782,2014-10-15,2014,Oct,15,Wednesday,3,47,0
3658,2014-10-16,2014,Oct,16,Thursday,4,0,0
3200,2014-10-17,2014,Oct,17,Friday,5,1,0
3784,2014-10-18,2014,Oct,18,Saturday,6,2,1
4097,2014-10-19,2014,Oct,19,Sunday,7,3,1
4108,2014-10-20,2014,Oct,20,Monday,1,4,0
3515,2014-10-21,2014,Oct,21,Tuesday,2,5,0
3371,2014-10-22,2014,Oct,22,Wednesday,3,6,0
2960,2014-10-23,2014,Oct,23,Thursday,4,7,0
2719,2014-10-24,2014,Oct,24,Friday,5,8,0
3240,2014-10-25,2014,Oct,25,Saturday,6,9,1
3705,2014-10-26,2014,Oct,26,Sunday,7,10,1
3678,2014-10-27,2014,Oct,27,Monday,1,11,0
3275,2014-10-28,2014,Oct,28,Tuesday,2,12,0
3037,2014-10-29,2014,Oct,29,Wednesday,3,13,0
2477,2014-10-30,2014,Oct,30,Thursday,4,14,0
2737,2014-10-31,2014,Oct,31,Friday,5,15,0
3416,2014-11-01,2014,Nov,1,Saturday,6,16,1
3544,2014-11-02,2014,Nov,2,Sunday,7,17,1
4033,2014-11-03,2014,Nov,3,Monday,1,18,0
3620,2014-11-04,2014,Nov,4,Tuesday,2,19,0
3443,2014-11-05,2014,Nov,5,Wednesday,3,20,0
3199,2014-11-06,2014,Nov,6,Thursday,4,21,0
2880,2014-11-07,2014,Nov,7,Friday,5,22,0
3420,2014-11-08,2014,Nov,8,Saturday,6,23,1
3494,2014-11-09,2014,Nov,9,Sunday,7,24,1
3415,2014-11-10,2014,Nov,10,Monday,1,25,0
3093,2014-11-11,2014,Nov,11,Tuesday,2,26,0
3135,2014-11-12,2014,Nov,12,Wednesday,3,27,0
2950,2014-11-13,2014,Nov,13,Thursday,4,28,0
2568,2014-11-14,2014,Nov,14,Friday,5,29,0
3206,2014-11-15,2014,Nov,15,Saturday,6,30,1
3459,2014-11-16,2014,Nov,16,Sunday,7,31,1
3412,2014-11-17,2014,Nov,17,Monday,1,32,0
2811,2014-11-18,2014,Nov,18,Tuesday,2,33,0
2935,2014-11-19,2014,Nov,19,Wednesday,3,34,0
2712,2014-11-20,2014,Nov,20,Thursday,4,35,0
2650,2014-11-21,2014,Nov,21,Friday,5,36,0
3093,2014-11-22,2014,Nov,22,Saturday,6,37,1
3307,2014-11-23,2014,Nov,23,Sunday,7,38,1
3285,2014-11-24,2014,Nov,24,Monday,1,39,0
3242,2014-11-25,2014,Nov,25,Tuesday,2,40,0
3124,2014-11-26,2014,Nov,26,Wednesday,3,41,0
2867,2014-11-27,2014,Nov,27,Thursday,4,42,0
2505,2014-11-28,2014,Nov,28,Friday,5,43,0
2360,2014-11-29,2014,Nov,29,Saturday,6,44,1
3186,2014-11-30,2014,Nov,30,Sunday,7,45,1
3643,2014-12-01,2014,Dec,1,Monday,1,46,0
3160,2014-12-02,2014,Dec,2,Tuesday,2,47,0
3042,2014-12-03,2014,Dec,3,Wednesday,3,0,0
2773,2014-12-04,2014,Dec,4,Thursday,4,1,0
2513,2014-12-05,2014,Dec,5,Friday,5,2,0
3002,2014-12-06,2014,Dec,6,Saturday,6,3,1
3088,2014-12-07,2014,Dec,7,Sunday,7,4,1
3462,2014-12-08,2014,Dec,8,Monday,1,5,0
3136,2014-12-09,2014,Dec,9,Tuesday,2,6,0
2925,2014-12-10,2014,Dec,10,Wednesday,3,7,0
2658,2014-12-11,2014,Dec,11,Thursday,4,8,0
2466,2014-12-12,2014,Dec,12,Friday,5,9,0
3067,2014-12-13,2014,Dec,13,Saturday,6,10,1
3490,2014-12-14,2014,Dec,14,Sunday,7,11,1
3072,2014-12-15,2014,Dec,15,Monday,1,12,0
2855,2014-12-16,2014,Dec,16,Tuesday,2,13,0
2645,2014-12-17,2014,Dec,17,Wednesday,3,14,0
2569,2014-12-18,2014,Dec,18,Thursday,4,15,0
2227,2014-12-19,2014,Dec,19,Friday,5,16,0
2665,2014-12-20,2014,Dec,20,Saturday,6,17,1
2883,2014-12-21,2014,Dec,21,Sunday,7,18,1
2759,2014-12-22,2014,Dec,22,Monday,1,19,0
2451,2014-12-23,2014,Dec,23,Tuesday,2,20,0
1571,2014-12-24,2014,Dec,24,Wednesday,3,21,0
2897,2014-12-25,2014,Dec,25,Thursday,4,22,0
2923,2014-12-26,2014,Dec,26,Friday,5,23,0
3442,2014-12-27,2014,Dec,27,Saturday,6,24,1
3281,2014-12-28,2014,Dec,28,Sunday,7,25,1
2830,2014-12-29,2014,Dec,29,Monday,1,26,0
2511,2014-12-30,2014,Dec,30,Tuesday,2,27,0
1383,2014-12-31,2014,Dec,31,Wednesday,3,28,0
2262,2015-01-01,2015,Jan,1,Thursday,4,29,0
2608,2015-01-02,2015,Jan,2,Friday,5,30,0
2812,2015-01-03,2015,Jan,3,Saturday,6,31,1
2841,2015-01-04,2015,Jan,4,Sunday,7,32,1
2619,2015-01-05,2015,Jan,5,Monday,1,33,0
2334,2015-01-06,2015,Jan,6,Tuesday,2,34,0
2292,2015-01-07,2015,Jan,7,Wednesday,3,35,0
2247,2015-01-08,2015,Jan,8,Thursday,4,36,0
1924,2015-01-09,2015,Jan,9,Friday,5,37,0
2411,2015-01-10,2015,Jan,10,Saturday,6,38,1
2380,2015-01-11,2015,Jan,11,Sunday,7,39,1
2320,2015-01-12,2015,Jan,12,Monday,1,40,0
2153,2015-01-13,2015,Jan,13,Tuesday,2,41,0
2199,2015-01-14,2015,Jan,14,Wednesday,3,42,0
2001,2015-01-15,2015,Jan,15,Thursday,4,43,0
1868,2015-01-16,2015,Jan,16,Friday,5,44,0
2222,2015-01-17,2015,Jan,17,Saturday,6,45,1
2234,2015-01-18,2015,Jan,18,Sunday,7,46,1
2172,2015-01-19,2015,Jan,19,Monday,1,47,0
2117,2015-01-20,2015,Jan,20,Tuesday,2,0,0
1968,2015-01-21,2015,Jan,21,Wednesday,3,1,0
1922,2015-01-22,2015,Jan,22,Thursday,4,2,0
1907,2015-01-23,2015,Jan,23,Friday,5,3,0
2128,2015-01-24,2015,Jan,24,Saturday,6,4,1
2122,2015-01-25,2015,Jan,25,Sunday,7,5,1
2164,2015-01-26,2015,Jan,26,Monday,1,6,0
2090,2015-01-27,2015,Jan,27,Tuesday,2,7,0
1908,2015-01-28,2015,Jan,28,Wednesday,3,8,0
2038,2015-01-29,2015,Jan,29,Thursday,4,9,0
1779,2015-01-30,2015,Jan,30,Friday,5,10,0
2208,2015-01-31,2015,Jan,31,Saturday,6,11,1
2253,2015-02-01,2015,Feb,1,Sunday,7,12,1
2233,2015-02-02,2015,Feb,2,Monday,1,13,0
2010,2015-02-03,2015,Feb,3,Tuesday,2,14,0
2034,2015-02-04,2015,Feb,4,Wednesday,3,15,0
2010,2015-02-05,2015,Feb,5,Thursday,4,16,0
1724,2015-02-06,2015,Feb,6,Friday,5,17,0
2098,2015-02-07,2015,Feb,7,Saturday,6,18,1
2177,2015-02-08,2015,Feb,8,Sunday,7,19,1
2240,2015-02-09,2015,Feb,9,Monday,1,20,0
2158,2015-02-10,2015,Feb,10,Tuesday,2,21,0
2069,2015-02-11,2015,Feb,11,Wednesday,3,22,0
2126,2015-02-12,2015,Feb,12,Thursday,4,23,0
1777,2015-02-13,2015,Feb,13,Friday,5,24,0
1993,2015-02-14,2015,Feb,14,Saturday,6,25,1
2252,2015-02-15,2015,Feb,15,Sunday,7,26,1
2176,2015-02-16,2015,Feb,16,Monday,1,27,0
2182,2015-02-17,2015,Feb,17,Tuesday,2,28,0
2168,2015-02-18,2015,Feb,18,Wednesday,3,29,0
2177,2015-02-19,2015,Feb,19,Thursday,4,30,0
2135,2015-02-20,2015,Feb,20,Friday,5,31,0
2383,2015-02-21,2015,Feb,21,Saturday,6,32,1
2499,2015-02-22,2015,Feb,22,Sunday,7,33,1
2464,2015-02-23,2015,Feb,23,Monday,1,34,0
2162,2015-02-24,2015,Feb,24,Tuesday,2,35,0
2154,2015-02-25,2015,Feb,25,Wednesday,3,36,0
2090,2015-02-26,2015,Feb,26,Thursday,4,37,0
2119,2015-02-27,2015,Feb,27,Friday,5,38,0
2226,2015-02-28,2015,Feb,28,Saturday,6,39,1
2332,2015-03-01,2015,Mar,1,Sunday,7,40,1
2316,2015-03-02,2015,Mar,2,Monday,1,41,0
2288,2015-03-03,2015,Mar,3,Tuesday,2,42,0
2287,2015-03-04,2015,Mar,4,Wednesday,3,43,0
2395,2015-03-05,2015,Mar,5,Thursday,4,44,0
2126,2015-03-06,2015,Mar,6,Friday,5,45,0
2832,2015-03-07,2015,Mar,7,Saturday,6,46,1
3078,2015-03-08,2015,Mar,8,Sunday,7,47,1
3112,2015-03-09,2015,Mar,9,Monday,1,0,0
2972,2015-03-10,2015,Mar,10,Tuesday,2,1,0
2971,2015-03-11,2015,Mar,11,Wednesday,3,2,0
3005,2015-03-12,2015,Mar,12,Thursday,4,3,0
3043,2015-03-13,2015,Mar,13,Friday,5,4,0
3734,2015-03-14,2015,Mar,14,Saturday,6,5,1
4697,2015-03-15,2015,Mar,15,Sunday,7,6,1
4577,2015-03-16,2015,Mar,16,Monday,1,7,0
4451,2015-03-17,2015,Mar,17,Tuesday,2,8,0
4346,2015-03-18,2015,Mar,18,Wednesday,3,9,0
3899,2015-03-19,2015,Mar,19,Thursday,4,10,0
3509,2015-03-20,2015,Mar,20,Friday,5,11,0
4409,2015-03-21,2015,Mar,21,Saturday,6,12,1
4604,2015-03-22,2015,Mar,22,Sunday,7,13,1
4369,2015-03-23,2015,Mar,23,Monday,1,14,0
3467,2015-03-24,2015,Mar,24,Tuesday,2,15,0
3639,2015-03-25,2015,Mar,25,Wednesday,3,16,0
3433,2015-03-26,2015,Mar,26,Thursday,4,17,0
3141,2015-03-27,2015,Mar,27,Friday,5,18,0
4034,2015-03-28,2015,Mar,28,Saturday,6,19,1
3966,2015-03-29,2015,Mar,29,Sunday,7,20,1
4311,2015-03-30,2015,Mar,30,Monday,1,21,0
3881,2015-03-31,2015,Mar,31,Tuesday,2,22,0
3784,2015-04-01,2015,Apr,1,Wednesday,3,23,0
3297,2015-04-02,2015,Apr,2,Thursday,4,24,0
4007,2015-04-03,2015,Apr,3,Friday,5,25,0
4195,2015-04-04,2015,Apr,4,Saturday,6,26,1
4578,2015-04-05,2015,Apr,5,Sunday,7,27,1
4560,2015-04-06,2015,Apr,6,Monday,1,28,0
4043,2015-04-07,2015,Apr,7,Tuesday,2,29,0
3881,2015-04-08,2015,Apr,8,Wednesday,3,30,0
3793,2015-04-09,2015,Apr,9,Thursday,4,31,0
3510,2015-04-10,2015,Apr,10,Friday,5,32,0
4363,2015-04-11,2015,Apr,11,Saturday,6,33,1
4757,2015-04-12,2015,Apr,12,Sunday,7,34,1
4770,2015-04-13,2015,Apr,13,Monday,1,35,0
4316,2015-04-14,2015,Apr,14,Tuesday,2,36,0
3957,2015-04-15,2015,Apr,15,Wednesday,3,37,0
3803,2015-04-16,2015,Apr,16,Thursday,4,38,0
3631,2015-04-17,2015,Apr,17,Friday,5,39,0
4639,2015-04-18,2015,Apr,18,Saturday,6,40,1
4718,2015-04-19,2015,Apr,19,Sunday,7,41,1
5163,2015-04-20,2015,Apr,20,Monday,1,42,0
4863,2015-04-21,2015,Apr,21,Tuesday,2,43,0
4670,2015-04-22,2015,Apr,22,Wednesday,3,44,0
4566,2015-04-23,2015,Apr,23,Thursday,4,45,0
4241,2015-04-24,2015,Apr,24,Friday,5,46,0
5344,2015-04-25,2015,Apr,25,Saturday,6,47,1
5388,2015-04-26,2015,Apr,26,Sunday,7,0,1
5444,2015-04-27,2015,Apr,27,Monday,1,1,0
5387,2015-04-28,2015,Apr,28,Tuesday,2,2,0
4958,2015-04-29,2015,Apr,29,Wednesday,3,3,0
4011,2015-04-30,2015,Apr,30,Thursday,4,4,0
4448,2015-05-01,2015,May,1,Friday,5,5,0
4546,2015-05-02,2015,May,2,Saturday,6,6,1
5181,2015-05-03,2015,May,3,Sunday,7,7,1
5703,2015-05-04,2015,May,4,Monday,1,8,0
5287,2015-05-05,2015,May,5,Tuesday,2,9,0
5102,2015-05-06,2015,May,6,Wednesday,3,10,0
4675,2015-05-07,2015,May,7,Thursday,4,11,0
3560,2015-05-08,2015,May,8,Friday,5,12,0
4549,2015-05-09,2015,May,9,Saturday,6,13,1
4522,2015-05-10,2015,May,10,Sunday,7,14,1
5548,2015-05-11,2015,May,11,Monday,1,15,0
5189,2015-05-12,2015,May,12,Tuesday,2,16,0
4908,2015-05-13,2015,May,13,Wednesday,3,17,0
4600,2015-05-14,2015,May,14,Thursday,4,18,0
4212,2015-05-15,2015,May,15,Friday,5,19,0
5205,2015-05-16,2015,May,16,Saturday,6,20,1
5790,2015-05-17,2015,May,17,Sunday,7,21,1
5588,2015-05-18,2015,May,18,Monday,1,22,0
5113,2015-05-19,2015,May,19,Tuesday,2,23,0
3867,2015-05-20,2015,May,20,Wednesday,3,24,0
4743,2015-05-21,2015,May,21,Thursday,4,25,0
3955,2015-05-22,2015,May,22,Friday,5,26,0
4739,2015-05-23,2015,May,23,Saturday,6,27,1
5288,2015-05-24,2015,May,24,Sunday,7,28,1
4998,2015-05-25,2015,May,25,Monday,1,29,0
5008,2015-05-26,2015,May,26,Tuesday,2,30,0
4708,2015-05-27,2015,May,27,Wednesday,3,31,0
4171,2015-05-28,2015,May,28,Thursday,4,32,0
3549,2015-05-29,2015,May,29,Friday,5,33,0
4249,2015-05-30,2015,May,30,Saturday,6,34,1
4598,2015-05-31,2015,May,31,Sunday,7,35,1
4624,2015-06-01,2015,Jun,1,Monday,1,36,0
4690,2015-06-02,2015,Jun,2,Tuesday,2,37,0
4449,2015-06-03,2015,Jun,3,Wednesday,3,38,0
4231,2015-06-04,2015,Jun,4,Thursday,4,39,0
3613,2015-06-05,2015,Jun,5,Friday,5,40,0
4658,2015-06-06,2015,Jun,6,Saturday,6,41,1
5273,2015-06-07,2015,Jun,7,Sunday,7,42,1
5138,2015-06-08,2015,Jun,8,Monday,1,43,0
4726,2015-06-09,2015,Jun,9,Tuesday,2,44,0
4177,2015-06-10,2015,Jun,10,Wednesday,3,45,0
3542,2015-06-11,2015,Jun,11,Thursday,4,46,0
4173,2015-06-12,2015,Jun,12,Friday,5,47,0
4742,2015-06-13,2015,Jun,13,Saturday,6,0,1
5043,2015-06-14,2015,Jun,14,Sunday,7,1,1
4823,2015-06-15,2015,Jun,15,Monday,1,2,0
4996,2015-06-16,2015,Jun,16,Tuesday,2,3,0
4567,2015-06-17,2015,Jun,17,Wednesday,3,4,0
4553,2015-06-18,2015,Jun,18,Thursday,4,5,0
3747,2015-06-19,2015,Jun,19,Friday,5,6,0
5286,2015-06-20,2015,Jun,20,Saturday,6,7,1
5063,2015-06-21,2015,Jun,21,Sunday,7,8,1
5616,2015-06-22,2015,Jun,22,Monday,1,9,0
4994,2015-06-23,2015,Jun,23,Tuesday,2,10,0
4034,2015-06-24,2015,Jun,24,Wednesday,3,11,0
4757,2015-06-25,2015,Jun,25,Thursday,4,12,0
4110,2015-06-26,2015,Jun,26,Friday,5,13,0
5057,2015-06-27,2015,Jun,27,Saturday,6,14,1
5591,2015-06-28,2015,Jun,28,Sunday,7,15,1
5470,2015-06-29,2015,Jun,29,Monday,1,16,0
5509,2015-06-30,2015,Jun,30,Tuesday,2,17,0
5212,2015-07-01,2015,Jul,1,Wednesday,3,18,0
4870,2015-07-02,2015,Jul,2,Thursday,4,19,0
4270,2015-07-03,2015,Jul,3,Friday,5,20,0
4049,2015-07-04,2015,Jul,4,Saturday,6,21,1
4701,2015-07-05,2015,Jul,5,Sunday,7,22,1
5288,2015-07-06,2015,Jul,6,Monday,1,23,0
5046,2015-07-07,2015,Jul,7,Tuesday,2,24,0
4616,2015-07-08,2015,Jul,8,Wednesday,3,25,0
4395,2015-07-09,2015,Jul,9,Thursday,4,26,0
4039,2015-07-10,2015,Jul,10,Friday,5,27,0
4712,2015-07-11,2015,Jul,11,Saturday,6,28,1
3627,2015-07-12,2015,Jul,12,Sunday,7,29,1
4677,2015-07-13,2015,Jul,13,Monday,1,30,0
4716,2015-07-14,2015,Jul,14,Tuesday,2,31,0
4142,2015-07-15,2015,Jul,15,Wednesday,3,32,0
5537,2015-07-16,2015,Jul,16,Thursday,4,33,0
4378,2015-07-17,2015,Jul,17,Friday,5,34,0
5413,2015-07-18,2015,Jul,18,Saturday,6,35,1
4792,2015-07-19,2015,Jul,19,Sunday,7,36,1
4540,2015-07-20,2015,Jul,20,Monday,1,37,0
4502,2015-07-21,2015,Jul,21,Tuesday,2,38,0
4289,2015-07-22,2015,Jul,22,Wednesday,3,39,0
4179,2015-07-23,2015,Jul,23,Thursday,4,40,0
3896,2015-07-24,2015,Jul,24,Friday,5,41,0
5241,2015-07-25,2015,Jul,25,Saturday,6,42,1
5158,2015-07-26,2015,Jul,26,Sunday,7,43,1
4749,2015-07-27,2015,Jul,27,Monday,1,44,0
4566,2015-07-28,2015,Jul,28,Tuesday,2,45,0
4728,2015-07-29,2015,Jul,29,Wednesday,3,46,0
3955,2015-07-30,2015,Jul,30,Thursday,4,47,0
3834,2015-07-31,2015,Jul,31,Friday,5,0,0
4917,2015-08-01,2015,Aug,1,Saturday,6,1,1
5356,2015-08-02,2015,Aug,2,Sunday,7,2,1
5920,2015-08-03,2015,Aug,3,Monday,1,3,0
6111,2015-08-04,2015,Aug,4,Tuesday,2,4,0
4267,2015-08-05,2015,Aug,5,Wednesday,3,5,0
3220,2015-08-06,2015,Aug,6,Thursday,4,6,0
5112,2015-08-07,2015,Aug,7,Friday,5,7,0
6050,2015-08-08,2015,Aug,8,Saturday,6,8,1
6564,2015-08-09,2015,Aug,9,Sunday,7,9,1
7000,2015-08-10,2015,Aug,10,Monday,1,10,0
6669,2015-08-11,2015,Aug,11,Tuesday,2,11,0
5256,2015-08-12,2015,Aug,12,Wednesday,3,12,0
6214,2015-08-13,2015,Aug,13,Thursday,4,13,0
5742,2015-08-14,2015,Aug,14,Friday,5,14,0
7668,2015-08-15,2015,Aug,15,Saturday,6,15,1
7954,2015-08-16,2015,Aug,16,Sunday,7,16,1
7791,2015-08-17,2015,Aug,17,Monday,1,17,0
7415,2015-08-18,2015,Aug,18,Tuesday,2,18,0
6855,2015-08-19,2015,Aug,19,Wednesday,3,19,0
6533,2015-08-20,2015,Aug,20,Thursday,4,20,0
6028,2015-08-21,2015,Aug,21,Friday,5,21,0
7312,2015-08-22,2015,Aug,22,Saturday,6,22,1
8284,2015-08-23,2015,Aug,23,Sunday,7,23,1
7487,2015-08-24,2015,Aug,24,Monday,1,24,0
6210,2015-08-25,2015,Aug,25,Tuesday,2,25,0
6336,2015-08-26,2015,Aug,26,Wednesday,3,26,0
5978,2015-08-27,2015,Aug,27,Thursday,4,27,0
5612,2015-08-28,2015,Aug,28,Friday,5,28,0
7003,2015-08-29,2015,Aug,29,Saturday,6,29,1
7432,2015-08-30,2015,Aug,30,Sunday,7,30,1
6895,2015-08-31,2015,Aug,31,Monday,1,31,0
6192,2015-09-01,2015,Sep,1,Tuesday,2,32,0
5860,2015-09-02,2015,Sep,2,Wednesday,3,33,0
5384,2015-09-03,2015,Sep,3,Thursday,4,34,0
4878,2015-09-04,2015,Sep,4,Friday,5,35,0
5726,2015-09-05,2015,Sep,5,Saturday,6,36,1
6041,2015-09-06,2015,Sep,6,Sunday,7,37,1
4618,2015-09-07,2015,Sep,7,Monday,1,38,0
5202,2015-09-08,2015,Sep,8,Tuesday,2,39,0
4352,2015-09-09,2015,Sep,9,Wednesday,3,40,0
4405,2015-09-10,2015,Sep,10,Thursday,4,41,0
3786,2015-09-11,2015,Sep,11,Friday,5,42,0
5890,2015-09-12,2015,Sep,12,Saturday,6,43,1
6369,2015-09-13,2015,Sep,13,Sunday,7,44,1
5526,2015-09-14,2015,Sep,14,Monday,1,45,0
4759,2015-09-15,2015,Sep,15,Tuesday,2,46,0
3576,2015-09-16,2015,Sep,16,Wednesday,3,47,0
4153,2015-09-17,2015,Sep,17,Thursday,4,0,0
3869,2015-09-18,2015,Sep,18,Friday,5,1,0
4740,2015-09-19,2015,Sep,19,Saturday,6,2,1
5911,2015-09-20,2015,Sep,20,Sunday,7,3,1
5683,2015-09-21,2015,Sep,21,Monday,1,4,0
5403,2015-09-22,2015,Sep,22,Tuesday,2,5,0
4975,2015-09-23,2015,Sep,23,Wednesday,3,6,0
3512,2015-09-24,2015,Sep,24,Thursday,4,7,0
4110,2015-09-25,2015,Sep,25,Friday,5,8,0
5286,2015-09-26,2015,Sep,26,Saturday,6,9,1
5197,2015-09-27,2015,Sep,27,Sunday,7,10,1
5207,2015-09-28,2015,Sep,28,Monday,1,11,0
4846,2015-09-29,2015,Sep,29,Tuesday,2,12,0
4227,2015-09-30,2015,Sep,30,Wednesday,3,13,0
3494,2015-10-01,2015,Oct,1,Thursday,4,14,0
3766,2015-10-02,2015,Oct,2,Friday,5,15,0
4474,2015-10-03,2015,Oct,3,Saturday,6,16,1
4927,2015-10-04,2015,Oct,4,Sunday,7,17,1
4751,2015-10-05,2015,Oct,5,Monday,1,18,0
4484,2015-10-06,2015,Oct,6,Tuesday,2,19,0
4350,2015-10-07,2015,Oct,7,Wednesday,3,20,0
4021,2015-10-08,2015,Oct,8,Thursday,4,21,0
4139,2015-10-09,2015,Oct,9,Friday,5,22,0
5283,2015-10-10,2015,Oct,10,Saturday,6,23,1
5500,2015-10-11,2015,Oct,11,Sunday,7,24,1
6057,2015-10-12,2015,Oct,12,Monday,1,25,0
4879,2015-10-13,2015,Oct,13,Tuesday,2,26,0
3759,2015-10-14,2015,Oct,14,Wednesday,3,27,0
4538,2015-10-15,2015,Oct,15,Thursday,4,28,0
3909,2015-10-16,2015,Oct,16,Friday,5,29,0
5039,2015-10-17,2015,Oct,17,Saturday,6,30,1
5417,2015-10-18,2015,Oct,18,Sunday,7,31,1
3919,2015-10-19,2015,Oct,19,Monday,1,32,0
4582,2015-10-20,2015,Oct,20,Tuesday,2,33,0
4334,2015-10-21,2015,Oct,21,Wednesday,3,34,0
4117,2015-10-22,2015,Oct,22,Thursday,4,35,0
3631,2015-10-23,2015,Oct,23,Friday,5,36,0
4328,2015-10-24,2015,Oct,24,Saturday,6,37,1
5039,2015-10-25,2015,Oct,25,Sunday,7,38,1
4778,2015-10-26,2015,Oct,26,Monday,1,39,0
4237,2015-10-27,2015,Oct,27,Tuesday,2,40,0
4016,2015-10-28,2015,Oct,28,Wednesday,3,41,0
3521,2015-10-29,2015,Oct,29,Thursday,4,42,0
3079,2015-10-30,2015,Oct,30,Friday,5,43,0
3664,2015-10-31,2015,Oct,31,Saturday,6,44,1
4494,2015-11-01,2015,Nov,1,Sunday,7,45,1
4588,2015-11-02,2015,Nov,2,Monday,1,46,0
4276,2015-11-03,2015,Nov,3,Tuesday,2,47,0
3864,2015-11-04,2015,Nov,4,Wednesday,3,0,0
3835,2015-11-05,2015,Nov,5,Thursday,4,1,0
3317,2015-11-06,2015,Nov,6,Friday,5,2,0
4094,2015-11-07,2015,Nov,7,Saturday,6,3,1
4282,2015-11-08,2015,Nov,8,Sunday,7,4,1
4457,2015-11-09,2015,Nov,9,Monday,1,5,0
4187,2015-11-10,2015,Nov,10,Tuesday,2,6,0
3939,2015-11-11,2015,Nov,11,Wednesday,3,7,0
3409,2015-11-12,2015,Nov,12,Thursday,4,8,0
3464,2015-11-13,2015,Nov,13,Friday,5,9,0
4056,2015-11-14,2015,Nov,14,Saturday,6,10,1
4521,2015-11-15,2015,Nov,15,Sunday,7,11,1
4587,2015-11-16,2015,Nov,16,Monday,1,12,0
3984,2015-11-17,2015,Nov,17,Tuesday,2,13,0
4235,2015-11-18,2015,Nov,18,Wednesday,3,14,0
3883,2015-11-19,2015,Nov,19,Thursday,4,15,0
3519,2015-11-20,2015,Nov,20,Friday,5,16,0
4452,2015-11-21,2015,Nov,21,Saturday,6,17,1
4694,2015-11-22,2015,Nov,22,Sunday,7,18,1
4241,2015-11-23,2015,Nov,23,Monday,1,19,0
4076,2015-11-24,2015,Nov,24,Tuesday,2,20,0
3706,2015-11-25,2015,Nov,25,Wednesday,3,21,0
3521,2015-11-26,2015,Nov,26,Thursday,4,22,0
3347,2015-11-27,2015,Nov,27,Friday,5,23,0
4031,2015-11-28,2015,Nov,28,Saturday,6,24,1
4520,2015-11-29,2015,Nov,29,Sunday,7,25,1
4044,2015-11-30,2015,Nov,30,Monday,1,26,0
3894,2015-12-01,2015,Dec,1,Tuesday,2,27,0
3126,2015-12-02,2015,Dec,2,Wednesday,3,28,0
3466,2015-12-03,2015,Dec,3,Thursday,4,29,0
3095,2015-12-04,2015,Dec,4,Friday,5,30,0
3260,2015-12-05,2015,Dec,5,Saturday,6,31,1
3807,2015-12-06,2015,Dec,6,Sunday,7,32,1
3388,2015-12-07,2015,Dec,7,Monday,1,33,0
3781,2015-12-08,2015,Dec,8,Tuesday,2,34,0
3435,2015-12-09,2015,Dec,9,Wednesday,3,35,0
2917,2015-12-10,2015,Dec,10,Thursday,4,36,0
2690,2015-12-11,2015,Dec,11,Friday,5,37,0
3283,2015-12-12,2015,Dec,12,Saturday,6,38,1
3402,2015-12-13,2015,Dec,13,Sunday,7,39,1
3353,2015-12-14,2015,Dec,14,Monday,1,40,0
2941,2015-12-15,2015,Dec,15,Tuesday,2,41,0
2853,2015-12-16,2015,Dec,16,Wednesday,3,42,0
2642,2015-12-17,2015,Dec,17,Thursday,4,43,0
2487,2015-12-18,2015,Dec,18,Friday,5,44,0
3213,2015-12-19,2015,Dec,19,Saturday,6,45,1
3354,2015-12-20,2015,Dec,20,Sunday,7,46,1
3101,2015-12-21,2015,Dec,21,Monday,1,47,0
2831,2015-12-22,2015,Dec,22,Tuesday,2,0,0
2652,2015-12-23,2015,Dec,23,Wednesday,3,1,0
1579,2015-12-24,2015,Dec,24,Thursday,4,2,0
3232,2015-12-25,2015,Dec,25,Friday,5,3,0
3424,2015-12-26,2015,Dec,26,Saturday,6,4,1
3632,2015-12-27,2015,Dec,27,Sunday,7,5,1
3206,2015-12-28,2015,Dec,28,Monday,1,6,0
2940,2015-12-29,2015,Dec,29,Tuesday,2,7,0
2671,2015-12-30,2015,Dec,30,Wednesday,3,8,0
1492,2015-12-31,2015,Dec,31,Thursday,4,9,0
2551,2016-01-01,2016,Jan,1,Friday,5,10,0
3188,2016-01-02,2016,Jan,2,Saturday,6,11,1
3342,2016-01-03,2016,Jan,3,Sunday,7,12,1
3049,2016-01-04,2016,Jan,4,Monday,1,13,0
2853,2016-01-05,2016,Jan,5,Tuesday,2,14,0
2587,2016-01-06,2016,Jan,6,Wednesday,3,15,0
2391,2016-01-07,2016,Jan,7,Thursday,4,16,0
2244,2016-01-08,2016,Jan,8,Friday,5,17,0
2782,2016-01-09,2016,Jan,9,Saturday,6,18,1
2608,2016-01-10,2016,Jan,10,Sunday,7,19,1
2429,2016-01-11,2016,Jan,11,Monday,1,20,0
2425,2016-01-12,2016,Jan,12,Tuesday,2,21,0
2283,2016-01-13,2016,Jan,13,Wednesday,3,22,0
2174,2016-01-14,2016,Jan,14,Thursday,4,23,0
1957,2016-01-15,2016,Jan,15,Friday,5,24,0
2116,2016-01-16,2016,Jan,16,Saturday,6,25,1
2339,2016-01-17,2016,Jan,17,Sunday,7,26,1
2389,2016-01-18,2016,Jan,18,Monday,1,27,0
2233,2016-01-19,2016,Jan,19,Tuesday,2,28,0
2232,2016-01-20,2016,Jan,20,Wednesday,3,29,0
2089,2016-01-21,2016,Jan,21,Thursday,4,30,0
1961,2016-01-22,2016,Jan,22,Friday,5,31,0
2387,2016-01-23,2016,Jan,23,Saturday,6,32,1
2570,2016-01-24,2016,Jan,24,Sunday,7,33,1
2322,2016-01-25,2016,Jan,25,Monday,1,34,0
2208,2016-01-26,2016,Jan,26,Tuesday,2,35,0
2280,2016-01-27,2016,Jan,27,Wednesday,3,36,0
1940,2016-01-28,2016,Jan,28,Thursday,4,37,0
1900,2016-01-29,2016,Jan,29,Friday,5,38,0
2111,2016-01-30,2016,Jan,30,Saturday,6,39,1
2088,2016-01-31,2016,Jan,31,Sunday,7,40,1
2085,2016-02-01,2016,Feb,1,Monday,1,41,0
1892,2016-02-02,2016,Feb,2,Tuesday,2,42,0
1923,2016-02-03,2016,Feb,3,Wednesday,3,43,0
1763,2016-02-04,2016,Feb,4,Thursday,4,44,0
1658,2016-02-05,2016,Feb,5,Friday,5,45,0
2063,2016-02-06,2016,Feb,6,Saturday,6,46,1
2066,2016-02-07,2016,Feb,7,Sunday,7,47,1
2161,2016-02-08,2016,Feb,8,Monday,1,0,0
1964,2016-02-09,2016,Feb,9,Tuesday,2,1,0
1956,2016-02-10,2016,Feb,10,Wednesday,3,2,0
1888,2016-02-11,2016,Feb,11,Thursday,4,3,0
1860,2016-02-12,2016,Feb,12,Friday,5,4,0
2094,2016-02-13,2016,Feb,13,Saturday,6,5,1
2113,2016-02-14,2016,Feb,14,Sunday,7,6,1
2226,2016-02-15,2016,Feb,15,Monday,1,7,0
2189,2016-02-16,2016,Feb,16,Tuesday,2,8,0
2063,2016-02-17,2016,Feb,17,Wednesday,3,9,0
1910,2016-02-18,2016,Feb,18,Thursday,4,10,0
1730,2016-02-19,2016,Feb,19,Friday,5,11,0
2351,2016-02-20,2016,Feb,20,Saturday,6,12,1
2264,2016-02-21,2016,Feb,21,Sunday,7,13,1
2206,2016-02-22,2016,Feb,22,Monday,1,14,0
1955,2016-02-23,2016,Feb,23,Tuesday,2,15,0
1979,2016-02-24,2016,Feb,24,Wednesday,3,16,0
1935,2016-02-25,2016,Feb,25,Thursday,4,17,0
1902,2016-02-26,2016,Feb,26,Friday,5,18,0
2379,2016-02-27,2016,Feb,27,Saturday,6,19,1
2378,2016-02-28,2016,Feb,28,Sunday,7,20,1
2143,2016-02-29,2016,Feb,29,Monday,1,21,0
2021,2016-03-01,2016,Mar,1,Tuesday,2,22,0
2065,2016-03-02,2016,Mar,2,Wednesday,3,23,0
2039,2016-03-03,2016,Mar,3,Thursday,4,24,0
1895,2016-03-04,2016,Mar,4,Friday,5,25,0
2228,2016-03-05,2016,Mar,5,Saturday,6,26,1
2458,2016-03-06,2016,Mar,6,Sunday,7,27,1
2481,2016-03-07,2016,Mar,7,Monday,1,28,0
2294,2016-03-08,2016,Mar,8,Tuesday,2,29,0
2522,2016-03-09,2016,Mar,9,Wednesday,3,30,0
2516,2016-03-10,2016,Mar,10,Thursday,4,31,0
2447,2016-03-11,2016,Mar,11,Friday,5,32,0
3392,2016-03-12,2016,Mar,12,Saturday,6,33,1
3711,2016-03-13,2016,Mar,13,Sunday,7,34,1
3685,2016-03-14,2016,Mar,14,Monday,1,35,0
3460,2016-03-15,2016,Mar,15,Tuesday,2,36,0
3600,2016-03-16,2016,Mar,16,Wednesday,3,37,0
3641,2016-03-17,2016,Mar,17,Thursday,4,38,0
3100,2016-03-18,2016,Mar,18,Friday,5,39,0
4210,2016-03-19,2016,Mar,19,Saturday,6,40,1
4551,2016-03-20,2016,Mar,20,Sunday,7,41,1
4628,2016-03-21,2016,Mar,21,Monday,1,42,0
4371,2016-03-22,2016,Mar,22,Tuesday,2,43,0
3992,2016-03-23,2016,Mar,23,Wednesday,3,44,0
3019,2016-03-24,2016,Mar,24,Thursday,4,45,0
4211,2016-03-25,2016,Mar,25,Friday,5,46,0
4330,2016-03-26,2016,Mar,26,Saturday,6,47,1
4605,2016-03-27,2016,Mar,27,Sunday,7,0,1
4641,2016-03-28,2016,Mar,28,Monday,1,1,0
3400,2016-03-29,2016,Mar,29,Tuesday,2,2,0
3935,2016-03-30,2016,Mar,30,Wednesday,3,3,0
3612,2016-03-31,2016,Mar,31,Thursday,4,4,0
3068,2016-04-01,2016,Apr,1,Friday,5,5,0
3698,2016-04-02,2016,Apr,2,Saturday,6,6,1
4092,2016-04-03,2016,Apr,3,Sunday,7,7,1
4448,2016-04-04,2016,Apr,4,Monday,1,8,0
3728,2016-04-05,2016,Apr,5,Tuesday,2,9,0
3968,2016-04-06,2016,Apr,6,Wednesday,3,10,0
3829,2016-04-07,2016,Apr,7,Thursday,4,11,0
3564,2016-04-08,2016,Apr,8,Friday,5,12,0
4203,2016-04-09,2016,Apr,9,Saturday,6,13,1
4850,2016-04-10,2016,Apr,10,Sunday,7,14,1
5032,2016-04-11,2016,Apr,11,Monday,1,15,0
4400,2016-04-12,2016,Apr,12,Tuesday,2,16,0
3905,2016-04-13,2016,Apr,13,Wednesday,3,17,0
3245,2016-04-14,2016,Apr,14,Thursday,4,18,0
3082,2016-04-15,2016,Apr,15,Friday,5,19,0
3139,2016-04-16,2016,Apr,16,Saturday,6,20,1
1842,2016-04-17,2016,Apr,17,Sunday,7,21,1
3428,2016-04-18,2016,Apr,18,Monday,1,22,0
4248,2016-04-19,2016,Apr,19,Tuesday,2,23,0
3970,2016-04-20,2016,Apr,20,Wednesday,3,24,0
3778,2016-04-21,2016,Apr,21,Thursday,4,25,0
2998,2016-04-22,2016,Apr,22,Friday,5,26,0
3379,2016-04-23,2016,Apr,23,Saturday,6,27,1
3622,2016-04-24,2016,Apr,24,Sunday,7,28,1
4423,2016-04-25,2016,Apr,25,Monday,1,29,0
4468,2016-04-26,2016,Apr,26,Tuesday,2,30,0
4350,2016-04-27,2016,Apr,27,Wednesday,3,31,0
3926,2016-04-28,2016,Apr,28,Thursday,4,32,0
3413,2016-04-29,2016,Apr,29,Friday,5,33,0
3989,2016-04-30,2016,Apr,30,Saturday,6,34,1
4152,2016-05-01,2016,May,1,Sunday,7,35,1
4883,2016-05-02,2016,May,2,Monday,1,36,0
4630,2016-05-03,2016,May,3,Tuesday,2,37,0
4139,2016-05-04,2016,May,4,Wednesday,3,38,0
3602,2016-05-05,2016,May,5,Thursday,4,39,0
3322,2016-05-06,2016,May,6,Friday,5,40,0
4118,2016-05-07,2016,May,7,Saturday,6,41,1
3956,2016-05-08,2016,May,8,Sunday,7,42,1
5104,2016-05-09,2016,May,9,Monday,1,43,0
4584,2016-05-10,2016,May,10,Tuesday,2,44,0
3566,2016-05-11,2016,May,11,Wednesday,3,45,0
4179,2016-05-12,2016,May,12,Thursday,4,46,0
3845,2016-05-13,2016,May,13,Friday,5,47,0
4597,2016-05-14,2016,May,14,Saturday,6,0,1
5266,2016-05-15,2016,May,15,Sunday,7,1,1
5268,2016-05-16,2016,May,16,Monday,1,2,0
4825,2016-05-17,2016,May,17,Tuesday,2,3,0
4131,2016-05-18,2016,May,18,Wednesday,3,4,0
4388,2016-05-19,2016,May,19,Thursday,4,5,0
3789,2016-05-20,2016,May,20,Friday,5,6,0
4503,2016-05-21,2016,May,21,Saturday,6,7,1
5410,2016-05-22,2016,May,22,Sunday,7,8,1
5498,2016-05-23,2016,May,23,Monday,1,9,0
5172,2016-05-24,2016,May,24,Tuesday,2,10,0
4963,2016-05-25,2016,May,25,Wednesday,3,11,0
4580,2016-05-26,2016,May,26,Thursday,4,12,0
4063,2016-05-27,2016,May,27,Friday,5,13,0
5229,2016-05-28,2016,May,28,Saturday,6,14,1
4224,2016-05-29,2016,May,29,Sunday,7,15,1
5497,2016-05-30,2016,May,30,Monday,1,16,0
4855,2016-05-31,2016,May,31,Tuesday,2,17,0
4576,2016-06-01,2016,Jun,1,Wednesday,3,18,0
3138,2016-06-02,2016,Jun,2,Thursday,4,19,0
2700,2016-06-03,2016,Jun,3,Friday,5,20,0
5118,2016-06-04,2016,Jun,4,Saturday,6,21,1
5545,2016-06-05,2016,Jun,5,Sunday,7,22,1
5637,2016-06-06,2016,Jun,6,Monday,1,23,0
5640,2016-06-07,2016,Jun,7,Tuesday,2,24,0
5211,2016-06-08,2016,Jun,8,Wednesday,3,25,0
4760,2016-06-09,2016,Jun,9,Thursday,4,26,0
4391,2016-06-10,2016,Jun,10,Friday,5,27,0
6181,2016-06-11,2016,Jun,11,Saturday,6,28,1
6681,2016-06-12,2016,Jun,12,Sunday,7,29,1
6196,2016-06-13,2016,Jun,13,Monday,1,30,0
5403,2016-06-14,2016,Jun,14,Tuesday,2,31,0
5717,2016-06-15,2016,Jun,15,Wednesday,3,32,0
5263,2016-06-16,2016,Jun,16,Thursday,4,33,0
5056,2016-06-17,2016,Jun,17,Friday,5,34,0
6634,2016-06-18,2016,Jun,18,Saturday,6,35,1
6782,2016-06-19,2016,Jun,19,Sunday,7,36,1
7300,2016-06-20,2016,Jun,20,Monday,1,37,0
6941,2016-06-21,2016,Jun,21,Tuesday,2,38,0
5653,2016-06-22,2016,Jun,22,Wednesday,3,39,0
6237,2016-06-23,2016,Jun,23,Thursday,4,40,0
5688,2016-06-24,2016,Jun,24,Friday,5,41,0
7585,2016-06-25,2016,Jun,25,Saturday,6,42,1
6874,2016-06-26,2016,Jun,26,Sunday,7,43,1
8518,2016-06-27,2016,Jun,27,Monday,1,44,0
7947,2016-06-28,2016,Jun,28,Tuesday,2,45,0
6756,2016-06-29,2016,Jun,29,Wednesday,3,46,0
6483,2016-06-30,2016,Jun,30,Thursday,4,47,0
5700,2016-07-01,2016,Jul,1,Friday,5,0,0
7174,2016-07-02,2016,Jul,2,Saturday,6,1,1
7604,2016-07-03,2016,Jul,3,Sunday,7,2,1
7406,2016-07-04,2016,Jul,4,Monday,1,3,0
6581,2016-07-05,2016,Jul,5,Tuesday,2,4,0
6025,2016-07-06,2016,Jul,6,Wednesday,3,5,0
6277,2016-07-07,2016,Jul,7,Thursday,4,6,0
5598,2016-07-08,2016,Jul,8,Friday,5,7,0
8104,2016-07-09,2016,Jul,9,Saturday,6,8,1
7687,2016-07-10,2016,Jul,10,Sunday,7,9,1
6261,2016-07-11,2016,Jul,11,Monday,1,10,0
6343,2016-07-12,2016,Jul,12,Tuesday,2,11,0
4968,2016-07-13,2016,Jul,13,Wednesday,3,12,0
5864,2016-07-14,2016,Jul,14,Thursday,4,13,0
5501,2016-07-15,2016,Jul,15,Friday,5,14,0
7552,2016-07-16,2016,Jul,16,Saturday,6,15,1
7034,2016-07-17,2016,Jul,17,Sunday,7,16,1
6554,2016-07-18,2016,Jul,18,Monday,1,17,0
5854,2016-07-19,2016,Jul,19,Tuesday,2,18,0
5990,2016-07-20,2016,Jul,20,Wednesday,3,19,0
5387,2016-07-21,2016,Jul,21,Thursday,4,20,0
5204,2016-07-22,2016,Jul,22,Friday,5,21,0
7154,2016-07-23,2016,Jul,23,Saturday,6,22,1
6465,2016-07-24,2016,Jul,24,Sunday,7,23,1
5544,2016-07-25,2016,Jul,25,Monday,1,24,0
5759,2016-07-26,2016,Jul,26,Tuesday,2,25,0
5723,2016-07-27,2016,Jul,27,Wednesday,3,26,0
5467,2016-07-28,2016,Jul,28,Thursday,4,27,0
4932,2016-07-29,2016,Jul,29,Friday,5,28,0
6286,2016-07-30,2016,Jul,30,Saturday,6,29,1
6573,2016-07-31,2016,Jul,31,Sunday,7,30,1
6328,2016-08-01,2016,Aug,1,Monday,1,31,0
5987,2016-08-02,2016,Aug,2,Tuesday,2,32,0
5593,2016-08-03,2016,Aug,3,Wednesday,3,33,0
5157,2016-08-04,2016,Aug,4,Thursday,4,34,0
4824,2016-08-05,2016,Aug,5,Friday,5,35,0
6648,2016-08-06,2016,Aug,6,Saturday,6,36,1
6693,2016-08-07,2016,Aug,7,Sunday,7,37,1
7090,2016-08-08,2016,Aug,8,Monday,1,38,0
6680,2016-08-09,2016,Aug,9,Tuesday,2,39,0
6250,2016-08-10,2016,Aug,10,Wednesday,3,40,0
6045,2016-08-11,2016,Aug,11,Thursday,4,41,0
5502,2016-08-12,2016,Aug,12,Friday,5,42,0
7114,2016-08-13,2016,Aug,13,Saturday,6,43,1
6956,2016-08-14,2016,Aug,14,Sunday,7,44,1
8174,2016-08-15,2016,Aug,15,Monday,1,45,0
6949,2016-08-16,2016,Aug,16,Tuesday,2,46,0
6455,2016-08-17,2016,Aug,17,Wednesday,3,47,0
5941,2016-08-18,2016,Aug,18,Thursday,4,0,0
5122,2016-08-19,2016,Aug,19,Friday,5,1,0
6765,2016-08-20,2016,Aug,20,Saturday,6,2,1
7154,2016-08-21,2016,Aug,21,Sunday,7,3,1
6665,2016-08-22,2016,Aug,22,Monday,1,4,0
5588,2016-08-23,2016,Aug,23,Tuesday,2,5,0
5503,2016-08-24,2016,Aug,24,Wednesday,3,6,0
5094,2016-08-25,2016,Aug,25,Thursday,4,7,0
4610,2016-08-26,2016,Aug,26,Friday,5,8,0
5695,2016-08-27,2016,Aug,27,Saturday,6,9,1
6468,2016-08-28,2016,Aug,28,Sunday,7,10,1
6198,2016-08-29,2016,Aug,29,Monday,1,11,0
6045,2016-08-30,2016,Aug,30,Tuesday,2,12,0
5040,2016-08-31,2016,Aug,31,Wednesday,3,13,0
4587,2016-09-01,2016,Sep,1,Thursday,4,14,0
4603,2016-09-02,2016,Sep,2,Friday,5,15,0
5944,2016-09-03,2016,Sep,3,Saturday,6,16,1
6356,2016-09-04,2016,Sep,4,Sunday,7,17,1
6696,2016-09-05,2016,Sep,5,Monday,1,18,0
5780,2016-09-06,2016,Sep,6,Tuesday,2,19,0
5842,2016-09-07,2016,Sep,7,Wednesday,3,20,0
5675,2016-09-08,2016,Sep,8,Thursday,4,21,0
4658,2016-09-09,2016,Sep,9,Friday,5,22,0
5927,2016-09-10,2016,Sep,10,Saturday,6,23,1
6026,2016-09-11,2016,Sep,11,Sunday,7,24,1
5991,2016-09-12,2016,Sep,12,Monday,1,25,0
5708,2016-09-13,2016,Sep,13,Tuesday,2,26,0
4851,2016-09-14,2016,Sep,14,Wednesday,3,27,0
4691,2016-09-15,2016,Sep,15,Thursday,4,28,0
4057,2016-09-16,2016,Sep,16,Friday,5,29,0
4797,2016-09-17,2016,Sep,17,Saturday,6,30,1
4234,2016-09-18,2016,Sep,18,Sunday,7,31,1
5587,2016-09-19,2016,Sep,19,Monday,1,32,0
6048,2016-09-20,2016,Sep,20,Tuesday,2,33,0
5505,2016-09-21,2016,Sep,21,Wednesday,3,34,0
5314,2016-09-22,2016,Sep,22,Thursday,4,35,0
4423,2016-09-23,2016,Sep,23,Friday,5,36,0
5636,2016-09-24,2016,Sep,24,Saturday,6,37,1
5564,2016-09-25,2016,Sep,25,Sunday,7,38,1
5351,2016-09-26,2016,Sep,26,Monday,1,39,0
4797,2016-09-27,2016,Sep,27,Tuesday,2,40,0
4299,2016-09-28,2016,Sep,28,Wednesday,3,41,0
3917,2016-09-29,2016,Sep,29,Thursday,4,42,0
3485,2016-09-30,2016,Sep,30,Friday,5,43,0
4225,2016-10-01,2016,Oct,1,Saturday,6,44,1
4593,2016-10-02,2016,Oct,2,Sunday,7,45,1
4571,2016-10-03,2016,Oct,3,Monday,1,46,0
4414,2016-10-04,2016,Oct,4,Tuesday,2,47,0
4206,2016-10-05,2016,Oct,5,Wednesday,3,0,0
3808,2016-10-06,2016,Oct,6,Thursday,4,1,0
3574,2016-10-07,2016,Oct,7,Friday,5,2,0
4563,2016-10-08,2016,Oct,8,Saturday,6,3,1
4610,2016-10-09,2016,Oct,9,Sunday,7,4,1
5287,2016-10-10,2016,Oct,10,Monday,1,5,0
4711,2016-10-11,2016,Oct,11,Tuesday,2,6,0
4459,2016-10-12,2016,Oct,12,Wednesday,3,7,0
4124,2016-10-13,2016,Oct,13,Thursday,4,8,0
3494,2016-10-14,2016,Oct,14,Friday,5,9,0
3507,2016-10-15,2016,Oct,15,Saturday,6,10,1
3852,2016-10-16,2016,Oct,16,Sunday,7,11,1
4144,2016-10-17,2016,Oct,17,Monday,1,12,0
4004,2016-10-18,2016,Oct,18,Tuesday,2,13,0
3883,2016-10-19,2016,Oct,19,Wednesday,3,14,0
3664,2016-10-20,2016,Oct,20,Thursday,4,15,0
3545,2016-10-21,2016,Oct,21,Friday,5,16,0
4252,2016-10-22,2016,Oct,22,Saturday,6,17,1
4680,2016-10-23,2016,Oct,23,Sunday,7,18,1
4574,2016-10-24,2016,Oct,24,Monday,1,19,0
4180,2016-10-25,2016,Oct,25,Tuesday,2,20,0
3832,2016-10-26,2016,Oct,26,Wednesday,3,21,0
3218,2016-10-27,2016,Oct,27,Thursday,4,22,0
2919,2016-10-28,2016,Oct,28,Friday,5,23,0
3635,2016-10-29,2016,Oct,29,Saturday,6,24,1
3413,2016-10-30,2016,Oct,30,Sunday,7,25,1
3159,2016-10-31,2016,Oct,31,Monday,1,26,0
4314,2016-11-01,2016,Nov,1,Tuesday,2,27,0
4263,2016-11-02,2016,Nov,2,Wednesday,3,28,0
3796,2016-11-03,2016,Nov,3,Thursday,4,29,0
2706,2016-11-04,2016,Nov,4,Friday,5,30,0
3053,2016-11-05,2016,Nov,5,Saturday,6,31,1
3428,2016-11-06,2016,Nov,6,Sunday,7,32,1
3501,2016-11-07,2016,Nov,7,Monday,1,33,0
3105,2016-11-08,2016,Nov,8,Tuesday,2,34,0
2982,2016-11-09,2016,Nov,9,Wednesday,3,35,0
2703,2016-11-10,2016,Nov,10,Thursday,4,36,0
2566,2016-11-11,2016,Nov,11,Friday,5,37,0
3134,2016-11-12,2016,Nov,12,Saturday,6,38,1
3472,2016-11-13,2016,Nov,13,Sunday,7,39,1
3409,2016-11-14,2016,Nov,14,Monday,1,40,0
2824,2016-11-15,2016,Nov,15,Tuesday,2,41,0
3061,2016-11-16,2016,Nov,16,Wednesday,3,42,0
2754,2016-11-17,2016,Nov,17,Thursday,4,43,0
2367,2016-11-18,2016,Nov,18,Friday,5,44,0
2933,2016-11-19,2016,Nov,19,Saturday,6,45,1
3141,2016-11-20,2016,Nov,20,Sunday,7,46,1
3095,2016-11-21,2016,Nov,21,Monday,1,47,0
2908,2016-11-22,2016,Nov,22,Tuesday,2,0,0
2675,2016-11-23,2016,Nov,23,Wednesday,3,1,0
2540,2016-11-24,2016,Nov,24,Thursday,4,2,0
2328,2016-11-25,2016,Nov,25,Friday,5,3,0
2982,2016-11-26,2016,Nov,26,Saturday,6,4,1
3266,2016-11-27,2016,Nov,27,Sunday,7,5,1
3300,2016-11-28,2016,Nov,28,Monday,1,6,0
2887,2016-11-29,2016,Nov,29,Tuesday,2,7,0
2563,2016-11-30,2016,Nov,30,Wednesday,3,8,0
2535,2016-12-01,2016,Dec,1,Thursday,4,9,0
2128,2016-12-02,2016,Dec,2,Friday,5,10,0
2568,2016-12-03,2016,Dec,3,Saturday,6,11,1
3041,2016-12-04,2016,Dec,4,Sunday,7,12,1
3101,2016-12-05,2016,Dec,5,Monday,1,13,0
2736,2016-12-06,2016,Dec,6,Tuesday,2,14,0
2527,2016-12-07,2016,Dec,7,Wednesday,3,15,0
2762,2016-12-08,2016,Dec,8,Thursday,4,16,0
2040,2016-12-09,2016,Dec,9,Friday,5,17,0
2971,2016-12-10,2016,Dec,10,Saturday,6,18,1
2996,2016-12-11,2016,Dec,11,Sunday,7,19,1
2793,2016-12-12,2016,Dec,12,Monday,1,20,0
2426,2016-12-13,2016,Dec,13,Tuesday,2,21,0
2346,2016-12-14,2016,Dec,14,Wednesday,3,22,0
2327,2016-12-15,2016,Dec,15,Thursday,4,23,0
2092,2016-12-16,2016,Dec,16,Friday,5,24,0
2471,2016-12-17,2016,Dec,17,Saturday,6,25,1
2731,2016-12-18,2016,Dec,18,Sunday,7,26,1
2610,2016-12-19,2016,Dec,19,Monday,1,27,0
2447,2016-12-20,2016,Dec,20,Tuesday,2,28,0
2382,2016-12-21,2016,Dec,21,Wednesday,3,29,0
2196,2016-12-22,2016,Dec,22,Thursday,4,30,0
2080,2016-12-23,2016,Dec,23,Friday,5,31,0
2106,2016-12-24,2016,Dec,24,Saturday,6,32,1
2728,2016-12-25,2016,Dec,25,Sunday,7,33,1
2861,2016-12-26,2016,Dec,26,Monday,1,34,0
2948,2016-12-27,2016,Dec,27,Tuesday,2,35,0
2520,2016-12-28,2016,Dec,28,Wednesday,3,36,0
2240,2016-12-29,2016,Dec,29,Thursday,4,37,0
2013,2016-12-30,2016,Dec,30,Friday,5,38,0
1820,2016-12-31,2016,Dec,31,Saturday,6,39,1
2071,2017-01-01,2017,Jan,1,Sunday,7,40,1
2713,2017-01-02,2017,Jan,2,Monday,1,41,0
2533,2017-01-03,2017,Jan,3,Tuesday,2,42,0
2370,2017-01-04,2017,Jan,4,Wednesday,3,43,0
2374,2017-01-05,2017,Jan,5,Thursday,4,44,0
2239,2017-01-06,2017,Jan,6,Friday,5,45,0
2436,2017-01-07,2017,Jan,7,Saturday,6,46,1
2356,2017-01-08,2017,Jan,8,Sunday,7,47,1
2312,2017-01-09,2017,Jan,9,Monday,1,0,0
2097,2017-01-10,2017,Jan,10,Tuesday,2,1,0
2034,2017-01-11,2017,Jan,11,Wednesday,3,2,0
1894,2017-01-12,2017,Jan,12,Thursday,4,3,0
1712,2017-01-13,2017,Jan,13,Friday,5,4,0
2109,2017-01-14,2017,Jan,14,Saturday,6,5,1
2299,2017-01-15,2017,Jan,15,Sunday,7,6,1
2365,2017-01-16,2017,Jan,16,Monday,1,7,0
2103,2017-01-17,2017,Jan,17,Tuesday,2,8,0
1985,2017-01-18,2017,Jan,18,Wednesday,3,9,0
2003,2017-01-19,2017,Jan,19,Thursday,4,10,0
1722,2017-01-20,2017,Jan,20,Friday,5,11,0
2003,2017-01-21,2017,Jan,21,Saturday,6,12,1
2167,2017-01-22,2017,Jan,22,Sunday,7,13,1
2102,2017-01-23,2017,Jan,23,Monday,1,14,0
2105,2017-01-24,2017,Jan,24,Tuesday,2,15,0
2002,2017-01-25,2017,Jan,25,Wednesday,3,16,0
1770,2017-01-26,2017,Jan,26,Thursday,4,17,0
1693,2017-01-27,2017,Jan,27,Friday,5,18,0
2037,2017-01-28,2017,Jan,28,Saturday,6,19,1
2051,2017-01-29,2017,Jan,29,Sunday,7,20,1
2043,2017-01-30,2017,Jan,30,Monday,1,21,0
1917,2017-01-31,2017,Jan,31,Tuesday,2,22,0
1788,2017-02-01,2017,Feb,1,Wednesday,3,23,0
1857,2017-02-02,2017,Feb,2,Thursday,4,24,0
1661,2017-02-03,2017,Feb,3,Friday,5,25,0
1965,2017-02-04,2017,Feb,4,Saturday,6,26,1
2185,2017-02-05,2017,Feb,5,Sunday,7,27,1
1959,2017-02-06,2017,Feb,6,Monday,1,28,0
1892,2017-02-07,2017,Feb,7,Tuesday,2,29,0
1779,2017-02-08,2017,Feb,8,Wednesday,3,30,0
1747,2017-02-09,2017,Feb,9,Thursday,4,31,0
1625,2017-02-10,2017,Feb,10,Friday,5,32,0
1973,2017-02-11,2017,Feb,11,Saturday,6,33,1
2105,2017-02-12,2017,Feb,12,Sunday,7,34,1
1869,2017-02-13,2017,Feb,13,Monday,1,35,0
1646,2017-02-14,2017,Feb,14,Tuesday,2,36,0
1640,2017-02-15,2017,Feb,15,Wednesday,3,37,0
1617,2017-02-16,2017,Feb,16,Thursday,4,38,0
1544,2017-02-17,2017,Feb,17,Friday,5,39,0
1796,2017-02-18,2017,Feb,18,Saturday,6,40,1
2076,2017-02-19,2017,Feb,19,Sunday,7,41,1
1855,2017-02-20,2017,Feb,20,Monday,1,42,0
1833,2017-02-21,2017,Feb,21,Tuesday,2,43,0
1619,2017-02-22,2017,Feb,22,Wednesday,3,44,0
1709,2017-02-23,2017,Feb,23,Thursday,4,45,0
1511,2017-02-24,2017,Feb,24,Friday,5,46,0
1970,2017-02-25,2017,Feb,25,Saturday,6,47,1
1833,2017-02-26,2017,Feb,26,Sunday,7,0,1
1559,2017-02-27,2017,Feb,27,Monday,1,1,0
1656,2017-02-28,2017,Feb,28,Tuesday,2,2,0
1624,2017-03-01,2017,Mar,1,Wednesday,3,3,0
1564,2017-03-02,2017,Mar,2,Thursday,4,4,0
1577,2017-03-03,2017,Mar,3,Friday,5,5,0
1937,2017-03-04,2017,Mar,4,Saturday,6,6,1
2169,2017-03-05,2017,Mar,5,Sunday,7,7,1
2009,2017-03-06,2017,Mar,6,Monday,1,8,0
2216,2017-03-07,2017,Mar,7,Tuesday,2,9,0
2196,2017-03-08,2017,Mar,8,Wednesday,3,10,0
2448,2017-03-09,2017,Mar,9,Thursday,4,11,0
2333,2017-03-10,2017,Mar,10,Friday,5,12,0
3184,2017-03-11,2017,Mar,11,Saturday,6,13,1
3826,2017-03-12,2017,Mar,12,Sunday,7,14,1
3852,2017-03-13,2017,Mar,13,Monday,1,15,0
3540,2017-03-14,2017,Mar,14,Tuesday,2,16,0
3565,2017-03-15,2017,Mar,15,Wednesday,3,17,0
3551,2017-03-16,2017,Mar,16,Thursday,4,18,0
3115,2017-03-17,2017,Mar,17,Friday,5,19,0
4334,2017-03-18,2017,Mar,18,Saturday,6,20,1
4489,2017-03-19,2017,Mar,19,Sunday,7,21,1
4546,2017-03-20,2017,Mar,20,Monday,1,22,0
4151,2017-03-21,2017,Mar,21,Tuesday,2,23,0
4015,2017-03-22,2017,Mar,22,Wednesday,3,24,0
3489,2017-03-23,2017,Mar,23,Thursday,4,25,0
3341,2017-03-24,2017,Mar,24,Friday,5,26,0
4494,2017-03-25,2017,Mar,25,Saturday,6,27,1
4749,2017-03-26,2017,Mar,26,Sunday,7,28,1
4492,2017-03-27,2017,Mar,27,Monday,1,29,0
4035,2017-03-28,2017,Mar,28,Tuesday,2,30,0
3708,2017-03-29,2017,Mar,29,Wednesday,3,31,0
3866,2017-03-30,2017,Mar,30,Thursday,4,32,0
3532,2017-03-31,2017,Mar,31,Friday,5,33,0
3941,2017-04-01,2017,Apr,1,Saturday,6,34,1
4756,2017-04-02,2017,Apr,2,Sunday,7,35,1
4846,2017-04-03,2017,Apr,3,Monday,1,36,0
4498,2017-04-04,2017,Apr,4,Tuesday,2,37,0
4183,2017-04-05,2017,Apr,5,Wednesday,3,38,0
4077,2017-04-06,2017,Apr,6,Thursday,4,39,0
3095,2017-04-07,2017,Apr,7,Friday,5,40,0
4443,2017-04-08,2017,Apr,8,Saturday,6,41,1
5164,2017-04-09,2017,Apr,9,Sunday,7,42,1
5121,2017-04-10,2017,Apr,10,Monday,1,43,0
4704,2017-04-11,2017,Apr,11,Tuesday,2,44,0
4116,2017-04-12,2017,Apr,12,Wednesday,3,45,0
3345,2017-04-13,2017,Apr,13,Thursday,4,46,0
4174,2017-04-14,2017,Apr,14,Friday,5,47,0
4534,2017-04-15,2017,Apr,15,Saturday,6,0,1
4796,2017-04-16,2017,Apr,16,Sunday,7,1,1
4825,2017-04-17,2017,Apr,17,Monday,1,2,0
4202,2017-04-18,2017,Apr,18,Tuesday,2,3,0
4348,2017-04-19,2017,Apr,19,Wednesday,3,4,0
3314,2017-04-20,2017,Apr,20,Thursday,4,5,0
3268,2017-04-21,2017,Apr,21,Friday,5,6,0
4335,2017-04-22,2017,Apr,22,Saturday,6,7,1
4687,2017-04-23,2017,Apr,23,Sunday,7,8,1
3933,2017-04-24,2017,Apr,24,Monday,1,9,0
4035,2017-04-25,2017,Apr,25,Tuesday,2,10,0
3919,2017-04-26,2017,Apr,26,Wednesday,3,11,0
3786,2017-04-27,2017,Apr,27,Thursday,4,12,0
3256,2017-04-28,2017,Apr,28,Friday,5,13,0
4268,2017-04-29,2017,Apr,29,Saturday,6,14,1
4902,2017-04-30,2017,Apr,30,Sunday,7,15,1
5048,2017-05-01,2017,May,1,Monday,1,16,0
5003,2017-05-02,2017,May,2,Tuesday,2,17,0
4670,2017-05-03,2017,May,3,Wednesday,3,18,0
4440,2017-05-04,2017,May,4,Thursday,4,19,0
3575,2017-05-05,2017,May,5,Friday,5,20,0
4487,2017-05-06,2017,May,6,Saturday,6,21,1
4906,2017-05-07,2017,May,7,Sunday,7,22,1
5032,2017-05-08,2017,May,8,Monday,1,23,0
4588,2017-05-09,2017,May,9,Tuesday,2,24,0
3799,2017-05-10,2017,May,10,Wednesday,3,25,0
2696,2017-05-11,2017,May,11,Thursday,4,26,0
3683,2017-05-12,2017,May,12,Friday,5,27,0
5102,2017-05-13,2017,May,13,Saturday,6,28,1
4897,2017-05-14,2017,May,14,Sunday,7,29,1
5550,2017-05-15,2017,May,15,Monday,1,30,0
5205,2017-05-16,2017,May,16,Tuesday,2,31,0
5204,2017-05-17,2017,May,17,Wednesday,3,32,0
4049,2017-05-18,2017,May,18,Thursday,4,33,0
4662,2017-05-19,2017,May,19,Friday,5,34,0
6292,2017-05-20,2017,May,20,Saturday,6,35,1
7638,2017-05-21,2017,May,21,Sunday,7,36,1
6936,2017-05-22,2017,May,22,Monday,1,37,0
6617,2017-05-23,2017,May,23,Tuesday,2,38,0
5749,2017-05-24,2017,May,24,Wednesday,3,39,0
5638,2017-05-25,2017,May,25,Thursday,4,40,0
5614,2017-05-26,2017,May,26,Friday,5,41,0
8060,2017-05-27,2017,May,27,Saturday,6,42,1
8257,2017-05-28,2017,May,28,Sunday,7,43,1
7768,2017-05-29,2017,May,29,Monday,1,44,0
7251,2017-05-30,2017,May,30,Tuesday,2,45,0
6828,2017-05-31,2017,May,31,Wednesday,3,46,0
6633,2017-06-01,2017,Jun,1,Thursday,4,47,0
5839,2017-06-02,2017,Jun,2,Friday,5,0,0
8103,2017-06-03,2017,Jun,3,Saturday,6,1,1
9125,2017-06-04,2017,Jun,4,Sunday,7,2,1
8124,2017-06-05,2017,Jun,5,Monday,1,3,0
8127,2017-06-06,2017,Jun,6,Tuesday,2,4,0
6802,2017-06-07,2017,Jun,7,Wednesday,3,5,0
6878,2017-06-08,2017,Jun,8,Thursday,4,6,0
6642,2017-06-09,2017,Jun,9,Friday,5,7,0
9415,2017-06-10,2017,Jun,10,Saturday,6,8,1
9864,2017-06-11,2017,Jun,11,Sunday,7,9,1
8633,2017-06-12,2017,Jun,12,Monday,1,10,0
8041,2017-06-13,2017,Jun,13,Tuesday,2,11,0
7129,2017-06-14,2017,Jun,14,Wednesday,3,12,0
6967,2017-06-15,2017,Jun,15,Thursday,4,13,0
4095,2017-06-16,2017,Jun,16,Friday,5,14,0
7092,2017-06-17,2017,Jun,17,Saturday,6,15,1
8117,2017-06-18,2017,Jun,18,Sunday,7,16,1
7960,2017-06-19,2017,Jun,19,Monday,1,17,0
7631,2017-06-20,2017,Jun,20,Tuesday,2,18,0
7094,2017-06-21,2017,Jun,21,Wednesday,3,19,0
5483,2017-06-22,2017,Jun,22,Thursday,4,20,0
6027,2017-06-23,2017,Jun,23,Friday,5,21,0
8446,2017-06-24,2017,Jun,24,Saturday,6,22,1
7943,2017-06-25,2017,Jun,25,Sunday,7,23,1
8231,2017-06-26,2017,Jun,26,Monday,1,24,0
7035,2017-06-27,2017,Jun,27,Tuesday,2,25,0
6274,2017-06-28,2017,Jun,28,Wednesday,3,26,0
6036,2017-06-29,2017,Jun,29,Thursday,4,27,0
5307,2017-06-30,2017,Jun,30,Friday,5,28,0
7388,2017-07-01,2017,Jul,1,Saturday,6,29,1
6558,2017-07-02,2017,Jul,2,Sunday,7,30,1
5732,2017-07-03,2017,Jul,3,Monday,1,31,0
4489,2017-07-04,2017,Jul,4,Tuesday,2,32,0
4631,2017-07-05,2017,Jul,5,Wednesday,3,33,0
4756,2017-07-06,2017,Jul,6,Thursday,4,34,0
4566,2017-07-07,2017,Jul,7,Friday,5,35,0
6563,2017-07-08,2017,Jul,8,Saturday,6,36,1
6450,2017-07-09,2017,Jul,9,Sunday,7,37,1
5045,2017-07-10,2017,Jul,10,Monday,1,38,0
4737,2017-07-11,2017,Jul,11,Tuesday,2,39,0
4359,2017-07-12,2017,Jul,12,Wednesday,3,40,0
3912,2017-07-13,2017,Jul,13,Thursday,4,41,0
3767,2017-07-14,2017,Jul,14,Friday,5,42,0
3300,2017-07-15,2017,Jul,15,Saturday,6,43,1
4769,2017-07-16,2017,Jul,16,Sunday,7,44,1
4255,2017-07-17,2017,Jul,17,Monday,1,45,0
3904,2017-07-18,2017,Jul,18,Tuesday,2,46,0
3846,2017-07-19,2017,Jul,19,Wednesday,3,47,0
3440,2017-07-20,2017,Jul,20,Thursday,4,0,0
3417,2017-07-21,2017,Jul,21,Friday,5,1,0
4233,2017-07-22,2017,Jul,22,Saturday,6,2,1
4225,2017-07-23,2017,Jul,23,Sunday,7,3,1
3633,2017-07-24,2017,Jul,24,Monday,1,4,0
3538,2017-07-25,2017,Jul,25,Tuesday,2,5,0
3512,2017-07-26,2017,Jul,26,Wednesday,3,6,0
3338,2017-07-27,2017,Jul,27,Thursday,4,7,0
3064,2017-07-28,2017,Jul,28,Friday,5,8,0
4081,2017-07-29,2017,Jul,29,Saturday,6,9,1
4453,2017-07-30,2017,Jul,30,Sunday,7,10,1
4135,2017-07-31,2017,Jul,31,Monday,1,11,0
3345,2017-08-01,2017,Aug,1,Tuesday,2,12,0
3666,2017-08-02,2017,Aug,2,Wednesday,3,13,0
3751,2017-08-03,2017,Aug,3,Thursday,4,14,0
3099,2017-08-04,2017,Aug,4,Friday,5,15,0
4181,2017-08-05,2017,Aug,5,Saturday,6,16,1
4703,2017-08-06,2017,Aug,6,Sunday,7,17,1
4944,2017-08-07,2017,Aug,7,Monday,1,18,0
4783,2017-08-08,2017,Aug,8,Tuesday,2,19,0
4378,2017-08-09,2017,Aug,9,Wednesday,3,20,0
3290,2017-08-10,2017,Aug,10,Thursday,4,21,0
2908,2017-08-11,2017,Aug,11,Friday,5,22,0
5150,2017-08-12,2017,Aug,12,Saturday,6,23,1
4938,2017-08-13,2017,Aug,13,Sunday,7,24,1
4578,2017-08-14,2017,Aug,14,Monday,1,25,0
5938,2017-08-15,2017,Aug,15,Tuesday,2,26,0
5225,2017-08-16,2017,Aug,16,Wednesday,3,27,0
4857,2017-08-17,2017,Aug,17,Thursday,4,28,0
3735,2017-08-18,2017,Aug,18,Friday,5,29,0
5177,2017-08-19,2017,Aug,19,Saturday,6,30,1
5167,2017-08-20,2017,Aug,20,Sunday,7,31,1
5299,2017-08-21,2017,Aug,21,Monday,1,32,0
4513,2017-08-22,2017,Aug,22,Tuesday,2,33,0
4567,2017-08-23,2017,Aug,23,Wednesday,3,34,0
4158,2017-08-24,2017,Aug,24,Thursday,4,35,0
3784,2017-08-25,2017,Aug,25,Friday,5,36,0
5075,2017-08-26,2017,Aug,26,Saturday,6,37,1
4946,2017-08-27,2017,Aug,27,Sunday,7,38,1
4460,2017-08-28,2017,Aug,28,Monday,1,39,0
4609,2017-08-29,2017,Aug,29,Tuesday,2,40,0
4272,2017-08-30,2017,Aug,30,Wednesday,3,41,0
3648,2017-08-31,2017,Aug,31,Thursday,4,42,0
3405,2017-09-01,2017,Sep,1,Friday,5,43,0
4159,2017-09-02,2017,Sep,2,Saturday,6,44,1
4337,2017-09-03,2017,Sep,3,Sunday,7,45,1
4588,2017-09-04,2017,Sep,4,Monday,1,46,0
4218,2017-09-05,2017,Sep,5,Tuesday,2,47,0
4177,2017-09-06,2017,Sep,6,Wednesday,3,0,0
3862,2017-09-07,2017,Sep,7,Thursday,4,1,0
3205,2017-09-08,2017,Sep,8,Friday,5,2,0
4185,2017-09-09,2017,Sep,9,Saturday,6,3,1
3821,2017-09-10,2017,Sep,10,Sunday,7,4,1
3823,2017-09-11,2017,Sep,11,Monday,1,5,0
4073,2017-09-12,2017,Sep,12,Tuesday,2,6,0
3700,2017-09-13,2017,Sep,13,Wednesday,3,7,0
3184,2017-09-14,2017,Sep,14,Thursday,4,8,0
3102,2017-09-15,2017,Sep,15,Friday,5,9,0
4058,2017-09-16,2017,Sep,16,Saturday,6,10,1
4154,2017-09-17,2017,Sep,17,Sunday,7,11,1
3428,2017-09-18,2017,Sep,18,Monday,1,12,0
3970,2017-09-19,2017,Sep,19,Tuesday,2,13,0
4220,2017-09-20,2017,Sep,20,Wednesday,3,14,0
3932,2017-09-21,2017,Sep,21,Thursday,4,15,0
3733,2017-09-22,2017,Sep,22,Friday,5,16,0
4428,2017-09-23,2017,Sep,23,Saturday,6,17,1
4524,2017-09-24,2017,Sep,24,Sunday,7,18,1
3953,2017-09-25,2017,Sep,25,Monday,1,19,0
3680,2017-09-26,2017,Sep,26,Tuesday,2,20,0
3373,2017-09-27,2017,Sep,27,Wednesday,3,21,0
3115,2017-09-28,2017,Sep,28,Thursday,4,22,0
2584,2017-09-29,2017,Sep,29,Friday,5,23,0
2413,2017-09-30,2017,Sep,30,Saturday,6,24,1
3411,2017-10-01,2017,Oct,1,Sunday,7,25,1
3191,2017-10-02,2017,Oct,2,Monday,1,26,0
3104,2017-10-03,2017,Oct,3,Tuesday,2,27,0
2907,2017-10-04,2017,Oct,4,Wednesday,3,28,0
2716,2017-10-05,2017,Oct,5,Thursday,4,29,0
2745,2017-10-06,2017,Oct,6,Friday,5,30,0
3086,2017-10-07,2017,Oct,7,Saturday,6,31,1
3312,2017-10-08,2017,Oct,8,Sunday,7,32,1
3873,2017-10-09,2017,Oct,9,Monday,1,33,0
3374,2017-10-10,2017,Oct,10,Tuesday,2,34,0
3551,2017-10-11,2017,Oct,11,Wednesday,3,35,0
2971,2017-10-12,2017,Oct,12,Thursday,4,36,0
2857,2017-10-13,2017,Oct,13,Friday,5,37,0
3529,2017-10-14,2017,Oct,14,Saturday,6,38,1
3570,2017-10-15,2017,Oct,15,Sunday,7,39,1
3236,2017-10-16,2017,Oct,16,Monday,1,40,0
3334,2017-10-17,2017,Oct,17,Tuesday,2,41,0
2998,2017-10-18,2017,Oct,18,Wednesday,3,42,0
3003,2017-10-19,2017,Oct,19,Thursday,4,43,0
2705,2017-10-20,2017,Oct,20,Friday,5,44,0
3476,2017-10-21,2017,Oct,21,Saturday,6,45,1
3841,2017-10-22,2017,Oct,22,Sunday,7,46,1
3781,2017-10-23,2017,Oct,23,Monday,1,47,0
3543,2017-10-24,2017,Oct,24,Tuesday,2,0,0
3177,2017-10-25,2017,Oct,25,Wednesday,3,1,0
2822,2017-10-26,2017,Oct,26,Thursday,4,2,0
3440,2017-10-27,2017,Oct,27,Friday,5,3,0
3457,2017-10-28,2017,Oct,28,Saturday,6,4,1
3619,2017-10-29,2017,Oct,29,Sunday,7,5,1
3809,2017-10-30,2017,Oct,30,Monday,1,6,0
2616,2017-10-31,2017,Oct,31,Tuesday,2,7,0
3652,2017-11-01,2017,Nov,1,Wednesday,3,8,0
3205,2017-11-02,2017,Nov,2,Thursday,4,9,0
2701,2017-11-03,2017,Nov,3,Friday,5,10,0
3429,2017-11-04,2017,Nov,4,Saturday,6,11,1
3401,2017-11-05,2017,Nov,5,Sunday,7,12,1
3510,2017-11-06,2017,Nov,6,Monday,1,13,0
3093,2017-11-07,2017,Nov,7,Tuesday,2,14,0
2881,2017-11-08,2017,Nov,8,Wednesday,3,15,0
2860,2017-11-09,2017,Nov,9,Thursday,4,16,0
2669,2017-11-10,2017,Nov,10,Friday,5,17,0
3332,2017-11-11,2017,Nov,11,Saturday,6,18,1
3731,2017-11-12,2017,Nov,12,Sunday,7,19,1
3455,2017-11-13,2017,Nov,13,Monday,1,20,0
3105,2017-11-14,2017,Nov,14,Tuesday,2,21,0
2981,2017-11-15,2017,Nov,15,Wednesday,3,22,0
2957,2017-11-16,2017,Nov,16,Thursday,4,23,0
2680,2017-11-17,2017,Nov,17,Friday,5,24,0
3389,2017-11-18,2017,Nov,18,Saturday,6,25,1
3480,2017-11-19,2017,Nov,19,Sunday,7,26,1
3598,2017-11-20,2017,Nov,20,Monday,1,27,0
3304,2017-11-21,2017,Nov,21,Tuesday,2,28,0
2953,2017-11-22,2017,Nov,22,Wednesday,3,29,0
2827,2017-11-23,2017,Nov,23,Thursday,4,30,0
2562,2017-11-24,2017,Nov,24,Friday,5,31,0
3301,2017-11-25,2017,Nov,25,Saturday,6,32,1
3318,2017-11-26,2017,Nov,26,Sunday,7,33,1
3112,2017-11-27,2017,Nov,27,Monday,1,34,0
2779,2017-11-28,2017,Nov,28,Tuesday,2,35,0
2589,2017-11-29,2017,Nov,29,Wednesday,3,36,0
2412,2017-11-30,2017,Nov,30,Thursday,4,37,0
2283,2017-12-01,2017,Dec,1,Friday,5,38,0
2643,2017-12-02,2017,Dec,2,Saturday,6,39,1
3027,2017-12-03,2017,Dec,3,Sunday,7,40,1
2941,2017-12-04,2017,Dec,4,Monday,1,41,0
2575,2017-12-05,2017,Dec,5,Tuesday,2,42,0
2394,2017-12-06,2017,Dec,6,Wednesday,3,43,0
2058,2017-12-07,2017,Dec,7,Thursday,4,44,0
2671,2017-12-08,2017,Dec,8,Friday,5,45,0
2726,2017-12-09,2017,Dec,9,Saturday,6,46,1
2822,2017-12-10,2017,Dec,10,Sunday,7,47,1
2650,2017-12-11,2017,Dec,11,Monday,1,0,0
2543,2017-12-12,2017,Dec,12,Tuesday,2,1,0
2431,2017-12-13,2017,Dec,13,Wednesday,3,2,0
2340,2017-12-14,2017,Dec,14,Thursday,4,3,0
2091,2017-12-15,2017,Dec,15,Friday,5,4,0
2835,2017-12-16,2017,Dec,16,Saturday,6,5,1
2760,2017-12-17,2017,Dec,17,Sunday,7,6,1
2639,2017-12-18,2017,Dec,18,Monday,1,7,0
2383,2017-12-19,2017,Dec,19,Tuesday,2,8,0
2175,2017-12-20,2017,Dec,20,Wednesday,3,9,0
2099,2017-12-21,2017,Dec,21,Thursday,4,10,0
2016,2017-12-22,2017,Dec,22,Friday,5,11,0
2718,2017-12-23,2017,Dec,23,Saturday,6,12,1
2349,2017-12-24,2017,Dec,24,Sunday,7,13,1
2873,2017-12-25,2017,Dec,25,Monday,1,14,0
2725,2017-12-26,2017,Dec,26,Tuesday,2,15,0
2689,2017-12-27,2017,Dec,27,Wednesday,3,16,0
2455,2017-12-28,2017,Dec,28,Thursday,4,17,0
2182,2017-12-29,2017,Dec,29,Friday,5,18,0
2706,2017-12-30,2017,Dec,30,Saturday,6,19,1
1985,2017-12-31,2017,Dec,31,Sunday,7,20,1
2104,2018-01-01,2018,Jan,1,Monday,1,21,0
2621,2018-01-02,2018,Jan,2,Tuesday,2,22,0
2614,2018-01-03,2018,Jan,3,Wednesday,3,23,0
2229,2018-01-04,2018,Jan,4,Thursday,4,24,0
2000,2018-01-05,2018,Jan,5,Friday,5,25,0
2425,2018-01-06,2018,Jan,6,Saturday,6,26,1
2355,2018-01-07,2018,Jan,7,Sunday,7,27,1
2163,2018-01-08,2018,Jan,8,Monday,1,28,0
2007,2018-01-09,2018,Jan,9,Tuesday,2,29,0
1949,2018-01-10,2018,Jan,10,Wednesday,3,30,0
1882,2018-01-11,2018,Jan,11,Thursday,4,31,0
1819,2018-01-12,2018,Jan,12,Friday,5,32,0
2225,2018-01-13,2018,Jan,13,Saturday,6,33,1
2231,2018-01-14,2018,Jan,14,Sunday,7,34,1
1969,2018-01-15,2018,Jan,15,Monday,1,35,0
2143,2018-01-16,2018,Jan,16,Tuesday,2,36,0
1868,2018-01-17,2018,Jan,17,Wednesday,3,37,0
1875,2018-01-18,2018,Jan,18,Thursday,4,38,0
1668,2018-01-19,2018,Jan,19,Friday,5,39,0
2013,2018-01-20,2018,Jan,20,Saturday,6,40,1
2114,2018-01-21,2018,Jan,21,Sunday,7,41,1
1977,2018-01-22,2018,Jan,22,Monday,1,42,0
1784,2018-01-23,2018,Jan,23,Tuesday,2,43,0
1780,2018-01-24,2018,Jan,24,Wednesday,3,44,0
1607,2018-01-25,2018,Jan,25,Thursday,4,45,0
1604,2018-01-26,2018,Jan,26,Friday,5,46,0
2021,2018-01-27,2018,Jan,27,Saturday,6,47,1
2103,2018-01-28,2018,Jan,28,Sunday,7,0,1
1992,2018-01-29,2018,Jan,29,Monday,1,1,0
1822,2018-01-30,2018,Jan,30,Tuesday,2,2,0
1713,2018-01-31,2018,Jan,31,Wednesday,3,3,0
1707,2018-02-01,2018,Feb,1,Thursday,4,4,0
1538,2018-02-02,2018,Feb,2,Friday,5,5,0
1849,2018-02-03,2018,Feb,3,Saturday,6,6,1
1787,2018-02-04,2018,Feb,4,Sunday,7,7,1
1713,2018-02-05,2018,Feb,5,Monday,1,8,0
1722,2018-02-06,2018,Feb,6,Tuesday,2,9,0
1606,2018-02-07,2018,Feb,7,Wednesday,3,10,0
1567,2018-02-08,2018,Feb,8,Thursday,4,11,0
1758,2018-02-09,2018,Feb,9,Friday,5,12,0
2026,2018-02-10,2018,Feb,10,Saturday,6,13,1
2137,2018-02-11,2018,Feb,11,Sunday,7,14,1
2010,2018-02-12,2018,Feb,12,Monday,1,15,0
1885,2018-02-13,2018,Feb,13,Tuesday,2,16,0
1679,2018-02-14,2018,Feb,14,Wednesday,3,17,0
1752,2018-02-15,2018,Feb,15,Thursday,4,18,0
1650,2018-02-16,2018,Feb,16,Friday,5,19,0
1972,2018-02-17,2018,Feb,17,Saturday,6,20,1
2024,2018-02-18,2018,Feb,18,Sunday,7,21,1
1862,2018-02-19,2018,Feb,19,Monday,1,22,0
1839,2018-02-20,2018,Feb,20,Tuesday,2,23,0
1764,2018-02-21,2018,Feb,21,Wednesday,3,24,0
1823,2018-02-22,2018,Feb,22,Thursday,4,25,0
1789,2018-02-23,2018,Feb,23,Friday,5,26,0
2206,2018-02-24,2018,Feb,24,Saturday,6,27,1
2246,2018-02-25,2018,Feb,25,Sunday,7,28,1
2162,2018-02-26,2018,Feb,26,Monday,1,29,0
2043,2018-02-27,2018,Feb,27,Tuesday,2,30,0
1992,2018-02-28,2018,Feb,28,Wednesday,3,31,0
1991,2018-03-01,2018,Mar,1,Thursday,4,32,0
1763,2018-03-02,2018,Mar,2,Friday,5,33,0
2108,2018-03-03,2018,Mar,3,Saturday,6,34,1
2225,2018-03-04,2018,Mar,4,Sunday,7,35,1
2195,2018-03-05,2018,Mar,5,Monday,1,36,0
2277,2018-03-06,2018,Mar,6,Tuesday,2,37,0
2339,2018-03-07,2018,Mar,7,Wednesday,3,38,0
2221,2018-03-08,2018,Mar,8,Thursday,4,39,0
2474,2018-03-09,2018,Mar,9,Friday,5,40,0
3446,2018-03-10,2018,Mar,10,Saturday,6,41,1
3766,2018-03-11,2018,Mar,11,Sunday,7,42,1
4116,2018-03-12,2018,Mar,12,Monday,1,43,0
3945,2018-03-13,2018,Mar,13,Tuesday,2,44,0
4212,2018-03-14,2018,Mar,14,Wednesday,3,45,0
4348,2018-03-15,2018,Mar,15,Thursday,4,46,0
4003,2018-03-16,2018,Mar,16,Friday,5,47,0
5388,2018-03-17,2018,Mar,17,Saturday,6,0,1
5527,2018-03-18,2018,Mar,18,Sunday,7,1,1
5196,2018-03-19,2018,Mar,19,Monday,1,2,0
4936,2018-03-20,2018,Mar,20,Tuesday,2,3,0
4636,2018-03-21,2018,Mar,21,Wednesday,3,4,0
4384,2018-03-22,2018,Mar,22,Thursday,4,5,0
3887,2018-03-23,2018,Mar,23,Friday,5,6,0
4947,2018-03-24,2018,Mar,24,Saturday,6,7,1
5453,2018-03-25,2018,Mar,25,Sunday,7,8,1
4803,2018-03-26,2018,Mar,26,Monday,1,9,0
4535,2018-03-27,2018,Mar,27,Tuesday,2,10,0
3905,2018-03-28,2018,Mar,28,Wednesday,3,11,0
3032,2018-03-29,2018,Mar,29,Thursday,4,12,0
3908,2018-03-30,2018,Mar,30,Friday,5,13,0
3992,2018-03-31,2018,Mar,31,Saturday,6,14,1
4060,2018-04-01,2018,Apr,1,Sunday,7,15,1
4245,2018-04-02,2018,Apr,2,Monday,1,16,0
3871,2018-04-03,2018,Apr,3,Tuesday,2,17,0
3639,2018-04-04,2018,Apr,4,Wednesday,3,18,0
3303,2018-04-05,2018,Apr,5,Thursday,4,19,0
2836,2018-04-06,2018,Apr,6,Friday,5,20,0
3643,2018-04-07,2018,Apr,7,Saturday,6,21,1
3965,2018-04-08,2018,Apr,8,Sunday,7,22,1
4070,2018-04-09,2018,Apr,9,Monday,1,23,0
3686,2018-04-10,2018,Apr,10,Tuesday,2,24,0
3332,2018-04-11,2018,Apr,11,Wednesday,3,25,0
3255,2018-04-12,2018,Apr,12,Thursday,4,26,0
2968,2018-04-13,2018,Apr,13,Friday,5,27,0
3812,2018-04-14,2018,Apr,14,Saturday,6,28,1
4002,2018-04-15,2018,Apr,15,Sunday,7,29,1
4081,2018-04-16,2018,Apr,16,Monday,1,30,0
3985,2018-04-17,2018,Apr,17,Tuesday,2,31,0
3518,2018-04-18,2018,Apr,18,Wednesday,3,32,0
3324,2018-04-19,2018,Apr,19,Thursday,4,33,0
2979,2018-04-20,2018,Apr,20,Friday,5,34,0
3982,2018-04-21,2018,Apr,21,Saturday,6,35,1
4353,2018-04-22,2018,Apr,22,Sunday,7,36,1
4163,2018-04-23,2018,Apr,23,Monday,1,37,0
4017,2018-04-24,2018,Apr,24,Tuesday,2,38,0
3806,2018-04-25,2018,Apr,25,Wednesday,3,39,0
3551,2018-04-26,2018,Apr,26,Thursday,4,40,0
3393,2018-04-27,2018,Apr,27,Friday,5,41,0
4477,2018-04-28,2018,Apr,28,Saturday,6,42,1
4337,2018-04-29,2018,Apr,29,Sunday,7,43,1
3454,2018-04-30,2018,Apr,30,Monday,1,44,0
4474,2018-05-01,2018,May,1,Tuesday,2,45,0
4031,2018-05-02,2018,May,2,Wednesday,3,46,0
4049,2018-05-03,2018,May,3,Thursday,4,47,0
3403,2018-05-04,2018,May,4,Friday,5,0,0
4233,2018-05-05,2018,May,5,Saturday,6,1,1
4556,2018-05-06,2018,May,6,Sunday,7,2,1
4263,2018-05-07,2018,May,7,Monday,1,3,0
4115,2018-05-08,2018,May,8,Tuesday,2,4,0
3608,2018-05-09,2018,May,9,Wednesday,3,5,0
3377,2018-05-10,2018,May,10,Thursday,4,6,0
3215,2018-05-11,2018,May,11,Friday,5,7,0
4347,2018-05-12,2018,May,12,Saturday,6,8,1
3750,2018-05-13,2018,May,13,Sunday,7,9,1
4378,2018-05-14,2018,May,14,Monday,1,10,0
4028,2018-05-15,2018,May,15,Tuesday,2,11,0
3827,2018-05-16,2018,May,16,Wednesday,3,12,0
3866,2018-05-17,2018,May,17,Thursday,4,13,0
3468,2018-05-18,2018,May,18,Friday,5,14,0
4689,2018-05-19,2018,May,19,Saturday,6,15,1
4893,2018-05-20,2018,May,20,Sunday,7,16,1
6044,2018-05-21,2018,May,21,Monday,1,17,0
4904,2018-05-22,2018,May,22,Tuesday,2,18,0
4741,2018-05-23,2018,May,23,Wednesday,3,19,0
3998,2018-05-24,2018,May,24,Thursday,4,20,0
3703,2018-05-25,2018,May,25,Friday,5,21,0
4736,2018-05-26,2018,May,26,Saturday,6,22,1
5095,2018-05-27,2018,May,27,Sunday,7,23,1
4387,2018-05-28,2018,May,28,Monday,1,24,0
3078,2018-05-29,2018,May,29,Tuesday,2,25,0
4068,2018-05-30,2018,May,30,Wednesday,3,26,0
3396,2018-05-31,2018,May,31,Thursday,4,27,0
2973,2018-06-01,2018,Jun,1,Friday,5,28,0
4112,2018-06-02,2018,Jun,2,Saturday,6,29,1
4497,2018-06-03,2018,Jun,3,Sunday,7,30,1
4610,2018-06-04,2018,Jun,4,Monday,1,31,0
4016,2018-06-05,2018,Jun,5,Tuesday,2,32,0
4277,2018-06-06,2018,Jun,6,Wednesday,3,33,0
4172,2018-06-07,2018,Jun,7,Thursday,4,34,0
3929,2018-06-08,2018,Jun,8,Friday,5,35,0
4411,2018-06-09,2018,Jun,9,Saturday,6,36,1
4044,2018-06-10,2018,Jun,10,Sunday,7,37,1
3128,2018-06-11,2018,Jun,11,Monday,1,38,0
4758,2018-06-12,2018,Jun,12,Tuesday,2,39,0
4625,2018-06-13,2018,Jun,13,Wednesday,3,40,0
4303,2018-06-14,2018,Jun,14,Thursday,4,41,0
3637,2018-06-15,2018,Jun,15,Friday,5,42,0
4906,2018-06-16,2018,Jun,16,Saturday,6,43,1
5056,2018-06-17,2018,Jun,17,Sunday,7,44,1
5566,2018-06-18,2018,Jun,18,Monday,1,45,0
4894,2018-06-19,2018,Jun,19,Tuesday,2,46,0
4665,2018-06-20,2018,Jun,20,Wednesday,3,47,0
4358,2018-06-21,2018,Jun,21,Thursday,4,0,0
4187,2018-06-22,2018,Jun,22,Friday,5,1,0
5603,2018-06-23,2018,Jun,23,Saturday,6,2,1
5523,2018-06-24,2018,Jun,24,Sunday,7,3,1
5783,2018-06-25,2018,Jun,25,Monday,1,4,0
5416,2018-06-26,2018,Jun,26,Tuesday,2,5,0
5124,2018-06-27,2018,Jun,27,Wednesday,3,6,0
4643,2018-06-28,2018,Jun,28,Thursday,4,7,0
4311,2018-06-29,2018,Jun,29,Friday,5,8,0
5051,2018-06-30,2018,Jun,30,Saturday,6,9,1
5034,2018-07-01,2018,Jul,1,Sunday,7,10,1
6846,2018-07-02,2018,Jul,2,Monday,1,11,0
6186,2018-07-03,2018,Jul,3,Tuesday,2,12,0
4422,2018-07-04,2018,Jul,4,Wednesday,3,13,0
3383,2018-07-05,2018,Jul,5,Thursday,4,14,0
4401,2018-07-06,2018,Jul,6,Friday,5,15,0
6377,2018-07-07,2018,Jul,7,Saturday,6,16,1
6552,2018-07-08,2018,Jul,8,Sunday,7,17,1
6183,2018-07-09,2018,Jul,9,Monday,1,18,0
4840,2018-07-10,2018,Jul,10,Tuesday,2,19,0
4901,2018-07-11,2018,Jul,11,Wednesday,3,20,0
4979,2018-07-12,2018,Jul,12,Thursday,4,21,0
4855,2018-07-13,2018,Jul,13,Friday,5,22,0
6758,2018-07-14,2018,Jul,14,Saturday,6,23,1
6563,2018-07-15,2018,Jul,15,Sunday,7,24,1
7274,2018-07-16,2018,Jul,16,Monday,1,25,0
5344,2018-07-17,2018,Jul,17,Tuesday,2,26,0
4750,2018-07-18,2018,Jul,18,Wednesday,3,27,0
4551,2018-07-19,2018,Jul,19,Thursday,4,28,0
4426,2018-07-20,2018,Jul,20,Friday,5,29,0
6005,2018-07-21,2018,Jul,21,Saturday,6,30,1
6040,2018-07-22,2018,Jul,22,Sunday,7,31,1
5041,2018-07-23,2018,Jul,23,Monday,1,32,0
4535,2018-07-24,2018,Jul,24,Tuesday,2,33,0
4389,2018-07-25,2018,Jul,25,Wednesday,3,34,0
4093,2018-07-26,2018,Jul,26,Thursday,4,35,0
3216,2018-07-27,2018,Jul,27,Friday,5,36,0
4986,2018-07-28,2018,Jul,28,Saturday,6,37,1
5112,2018-07-29,2018,Jul,29,Sunday,7,38,1
4438,2018-07-30,2018,Jul,30,Monday,1,39,0
4075,2018-07-31,2018,Jul,31,Tuesday,2,40,0
4094,2018-08-01,2018,Aug,1,Wednesday,3,41,0
3659,2018-08-02,2018,Aug,2,Thursday,4,42,0
3557,2018-08-03,2018,Aug,3,Friday,5,43,0
4801,2018-08-04,2018,Aug,4,Saturday,6,44,1
5238,2018-08-05,2018,Aug,5,Sunday,7,45,1
5326,2018-08-06,2018,Aug,6,Monday,1,46,0
4988,2018-08-07,2018,Aug,7,Tuesday,2,47,0
4925,2018-08-08,2018,Aug,8,Wednesday,3,0,0
4942,2018-08-09,2018,Aug,9,Thursday,4,1,0
4794,2018-08-10,2018,Aug,10,Friday,5,2,0
6203,2018-08-11,2018,Aug,11,Saturday,6,3,1
6545,2018-08-12,2018,Aug,12,Sunday,7,4,1
6417,2018-08-13,2018,Aug,13,Monday,1,5,0
5682,2018-08-14,2018,Aug,14,Tuesday,2,6,0
7233,2018-08-15,2018,Aug,15,Wednesday,3,7,0
5994,2018-08-16,2018,Aug,16,Thursday,4,8,0
5037,2018-08-17,2018,Aug,17,Friday,5,9,0
6175,2018-08-18,2018,Aug,18,Saturday,6,10,1
6387,2018-08-19,2018,Aug,19,Sunday,7,11,1
6117,2018-08-20,2018,Aug,20,Monday,1,12,0
5504,2018-08-21,2018,Aug,21,Tuesday,2,13,0
4835,2018-08-22,2018,Aug,22,Wednesday,3,14,0
4119,2018-08-23,2018,Aug,23,Thursday,4,15,0
4707,2018-08-24,2018,Aug,24,Friday,5,16,0
6179,2018-08-25,2018,Aug,25,Saturday,6,17,1
6666,2018-08-26,2018,Aug,26,Sunday,7,18,1
5533,2018-08-27,2018,Aug,27,Monday,1,19,0
5134,2018-08-28,2018,Aug,28,Tuesday,2,20,0
4742,2018-08-29,2018,Aug,29,Wednesday,3,21,0
4509,2018-08-30,2018,Aug,30,Thursday,4,22,0
3819,2018-08-31,2018,Aug,31,Friday,5,23,0
4974,2018-09-01,2018,Sep,1,Saturday,6,24,1
5493,2018-09-02,2018,Sep,2,Sunday,7,25,1
5821,2018-09-03,2018,Sep,3,Monday,1,26,0
4965,2018-09-04,2018,Sep,4,Tuesday,2,27,0
4623,2018-09-05,2018,Sep,5,Wednesday,3,28,0
4547,2018-09-06,2018,Sep,6,Thursday,4,29,0
4103,2018-09-07,2018,Sep,7,Friday,5,30,0
5318,2018-09-08,2018,Sep,8,Saturday,6,31,1
5727,2018-09-09,2018,Sep,9,Sunday,7,32,1
5305,2018-09-10,2018,Sep,10,Monday,1,33,0
4166,2018-09-11,2018,Sep,11,Tuesday,2,34,0
4566,2018-09-12,2018,Sep,12,Wednesday,3,35,0
4108,2018-09-13,2018,Sep,13,Thursday,4,36,0
3699,2018-09-14,2018,Sep,14,Friday,5,37,0
4354,2018-09-15,2018,Sep,15,Saturday,6,38,1
4443,2018-09-16,2018,Sep,16,Sunday,7,39,1
4300,2018-09-17,2018,Sep,17,Monday,1,40,0
3319,2018-09-18,2018,Sep,18,Tuesday,2,41,0
4212,2018-09-19,2018,Sep,19,Wednesday,3,42,0
4200,2018-09-20,2018,Sep,20,Thursday,4,43,0
4027,2018-09-21,2018,Sep,21,Friday,5,44,0
4924,2018-09-22,2018,Sep,22,Saturday,6,45,1
4756,2018-09-23,2018,Sep,23,Sunday,7,46,1
4176,2018-09-24,2018,Sep,24,Monday,1,47,0
3908,2018-09-25,2018,Sep,25,Tuesday,2,0,0
3608,2018-09-26,2018,Sep,26,Wednesday,3,1,0
3375,2018-09-27,2018,Sep,27,Thursday,4,2,0
2910,2018-09-28,2018,Sep,28,Friday,5,3,0
3544,2018-09-29,2018,Sep,29,Saturday,6,4,1
3668,2018-09-30,2018,Sep,30,Sunday,7,5,1
3812,2018-10-01,2018,Oct,1,Monday,1,6,0
3766,2018-10-02,2018,Oct,2,Tuesday,2,7,0
3621,2018-10-03,2018,Oct,3,Wednesday,3,8,0
3583,2018-10-04,2018,Oct,4,Thursday,4,9,0
3155,2018-10-05,2018,Oct,5,Friday,5,10,0
4007,2018-10-06,2018,Oct,6,Saturday,6,11,1
4241,2018-10-07,2018,Oct,7,Sunday,7,12,1
4176,2018-10-08,2018,Oct,8,Monday,1,13,0
3983,2018-10-09,2018,Oct,9,Tuesday,2,14,0
3761,2018-10-10,2018,Oct,10,Wednesday,3,15,0
3566,2018-10-11,2018,Oct,11,Thursday,4,16,0
3001,2018-10-12,2018,Oct,12,Friday,5,17,0
3849,2018-10-13,2018,Oct,13,Saturday,6,18,1
4184,2018-10-14,2018,Oct,14,Sunday,7,19,1
4505,2018-10-15,2018,Oct,15,Monday,1,20,0
3690,2018-10-16,2018,Oct,16,Tuesday,2,21,0
3989,2018-10-17,2018,Oct,17,Wednesday,3,22,0
3817,2018-10-18,2018,Oct,18,Thursday,4,23,0
3189,2018-10-19,2018,Oct,19,Friday,5,24,0
3958,2018-10-20,2018,Oct,20,Saturday,6,25,1
4196,2018-10-21,2018,Oct,21,Sunday,7,26,1
4088,2018-10-22,2018,Oct,22,Monday,1,27,0
3890,2018-10-23,2018,Oct,23,Tuesday,2,28,0
3637,2018-10-24,2018,Oct,24,Wednesday,3,29,0
3262,2018-10-25,2018,Oct,25,Thursday,4,30,0
3048,2018-10-26,2018,Oct,26,Friday,5,31,0
4042,2018-10-27,2018,Oct,27,Saturday,6,32,1
3986,2018-10-28,2018,Oct,28,Sunday,7,33,1
3882,2018-10-29,2018,Oct,29,Monday,1,34,0
3172,2018-10-30,2018,Oct,30,Tuesday,2,35,0
2235,2018-10-31,2018,Oct,31,Wednesday,3,36,0
3412,2018-11-01,2018,Nov,1,Thursday,4,37,0
3515,2018-11-02,2018,Nov,2,Friday,5,38,0
3271,2018-11-03,2018,Nov,3,Saturday,6,39,1
3802,2018-11-04,2018,Nov,4,Sunday,7,40,1
3695,2018-11-05,2018,Nov,5,Monday,1,41,0
3240,2018-11-06,2018,Nov,6,Tuesday,2,42,0
2907,2018-11-07,2018,Nov,7,Wednesday,3,43,0
2863,2018-11-08,2018,Nov,8,Thursday,4,44,0
2743,2018-11-09,2018,Nov,9,Friday,5,45,0
3663,2018-11-10,2018,Nov,10,Saturday,6,46,1
3649,2018-11-11,2018,Nov,11,Sunday,7,47,1
3051,2018-11-12,2018,Nov,12,Monday,1,0,0
2970,2018-11-13,2018,Nov,13,Tuesday,2,1,0
3090,2018-11-14,2018,Nov,14,Wednesday,3,2,0
2828,2018-11-15,2018,Nov,15,Thursday,4,3,0
2350,2018-11-16,2018,Nov,16,Friday,5,4,0
3170,2018-11-17,2018,Nov,17,Saturday,6,5,1
3445,2018-11-18,2018,Nov,18,Sunday,7,6,1
3256,2018-11-19,2018,Nov,19,Monday,1,7,0
3206,2018-11-20,2018,Nov,20,Tuesday,2,8,0
2759,2018-11-21,2018,Nov,21,Wednesday,3,9,0
2729,2018-11-22,2018,Nov,22,Thursday,4,10,0
2519,2018-11-23,2018,Nov,23,Friday,5,11,0
2996,2018-11-24,2018,Nov,24,Saturday,6,12,1
3506,2018-11-25,2018,Nov,25,Sunday,7,13,1
3422,2018-11-26,2018,Nov,26,Monday,1,14,0
3075,2018-11-27,2018,Nov,27,Tuesday,2,15,0
2853,2018-11-28,2018,Nov,28,Wednesday,3,16,0
2801,2018-11-29,2018,Nov,29,Thursday,4,17,0
2445,2018-11-30,2018,Nov,30,Friday,5,18,0
2692,2018-12-01,2018,Dec,1,Saturday,6,19,1
3063,2018-12-02,2018,Dec,2,Sunday,7,20,1
2960,2018-12-03,2018,Dec,3,Monday,1,21,0
2745,2018-12-04,2018,Dec,4,Tuesday,2,22,0
2646,2018-12-05,2018,Dec,5,Wednesday,3,23,0
2635,2018-12-06,2018,Dec,6,Thursday,4,24,0
2249,2018-12-07,2018,Dec,7,Friday,5,25,0
2826,2018-12-08,2018,Dec,8,Saturday,6,26,1
3076,2018-12-09,2018,Dec,9,Sunday,7,27,1
3052,2018-12-10,2018,Dec,10,Monday,1,28,0
2746,2018-12-11,2018,Dec,11,Tuesday,2,29,0
2372,2018-12-12,2018,Dec,12,Wednesday,3,30,0
2421,2018-12-13,2018,Dec,13,Thursday,4,31,0
2351,2018-12-14,2018,Dec,14,Friday,5,32,0
2842,2018-12-15,2018,Dec,15,Saturday,6,33,1
3154,2018-12-16,2018,Dec,16,Sunday,7,34,1
2806,2018-12-17,2018,Dec,17,Monday,1,35,0
2457,2018-12-18,2018,Dec,18,Tuesday,2,36,0
2401,2018-12-19,2018,Dec,19,Wednesday,3,37,0
2318,2018-12-20,2018,Dec,20,Thursday,4,38,0
2083,2018-12-21,2018,Dec,21,Friday,5,39,0
2718,2018-12-22,2018,Dec,22,Saturday,6,40,1
2951,2018-12-23,2018,Dec,23,Sunday,7,41,1
1632,2018-12-24,2018,Dec,24,Monday,1,42,0
2701,2018-12-25,2018,Dec,25,Tuesday,2,43,0
2695,2018-12-26,2018,Dec,26,Wednesday,3,44,0
2457,2018-12-27,2018,Dec,27,Thursday,4,45,0
2227,2018-12-28,2018,Dec,28,Friday,5,46,0
2941,2018-12-29,2018,Dec,29,Saturday,6,47,1
2863,2018-12-30,2018,Dec,30,Sunday,7,0,1
1565,2018-12-31,2018,Dec,31,Monday,1,1,0
